protocol,flow duration,tot fwd pkts,tot bwd pkts,init fwd win byts,init bwd win byts,label
6,55793,13,22,2333,9414,Attack
6,55148,10,20,4014,1905,Attack
6,35406,50,30,91,6318,Attack
6,13016,49,16,9032,2742,Attack
6,54976,9,35,3528,3628,Attack
6,57854,23,34,9535,9909,Benign
6,16271,12,44,4349,7783,Benign
6,47632,46,43,9399,7804,Benign
6,65185,23,1,5566,4407,Benign
6,65340,29,36,4311,3263,Benign
6,77233,25,36,7499,9695,Attack
6,85589,11,11,9937,5394,Attack
6,28692,2,44,5058,3372,Benign
6,90211,31,41,1369,8670,Attack
6,48334,41,23,6074,6855,Attack
6,83852,49,48,8789,6524,Benign
6,68163,9,38,2864,7530,Attack
6,64509,28,31,2003,9694,Benign
6,34224,25,45,6124,7268,Benign
6,94945,34,48,58,9809,Attack
6,8646,6,29,4272,4363,Benign
6,8987,34,8,3517,8370,Attack
6,80433,15,10,512,7010,Benign
6,15722,14,32,2944,2405,Attack
6,48147,5,33,2195,85,Attack
6,62602,15,19,774,2414,Attack
6,24769,7,40,6019,4,Attack
6,52560,17,27,184,1877,Attack
6,13689,32,22,5088,911,Benign
6,46524,20,10,6554,1392,Benign
6,83661,48,47,1036,9031,Attack
6,68591,21,5,1353,7169,Attack
6,52219,19,23,9882,1529,Attack
6,68724,33,8,2882,9387,Attack
6,26733,30,15,712,2166,Attack
6,98752,36,5,2709,2078,Attack
6,80238,45,3,4129,941,Benign
6,25082,11,22,7936,4293,Benign
6,94439,24,19,9761,6464,Benign
6,67863,15,44,692,5078,Attack
6,83753,34,18,45,9135,Attack
6,24529,11,28,5076,1506,Benign
6,35868,23,38,1377,7751,Attack
6,69733,29,24,774,7883,Attack
6,48826,10,17,8697,2280,Attack
6,37564,5,6,3000,1166,Benign
6,3160,28,50,4422,5644,Attack
6,56067,32,5,6767,532,Benign
6,89741,5,40,1529,1185,Benign
6,99113,7,44,3425,2857,Benign
6,40294,25,10,5062,2195,Benign
6,44409,36,1,4504,4594,Attack
6,31067,32,16,8729,2203,Benign
6,62181,18,33,3821,5512,Benign
6,57733,13,45,6287,4880,Benign
6,68619,12,14,5586,2987,Benign
6,20273,7,8,2105,7011,Attack
6,70164,23,37,230,3650,Benign
6,25805,21,43,6483,1747,Attack
6,77717,1,43,5899,6368,Benign
6,31993,9,50,2706,8047,Benign
6,82741,40,5,1931,4523,Benign
6,70668,8,32,6797,5087,Attack
6,55291,30,46,5988,5812,Benign
6,45450,13,25,8303,4156,Benign
6,79296,33,47,6098,1323,Attack
6,48277,37,45,1977,4386,Benign
6,60120,2,32,7649,6111,Benign
6,75890,33,8,5452,5657,Benign
6,202,33,29,934,2229,Attack
6,97167,35,0,1920,9108,Benign
6,38019,37,14,6096,4592,Benign
6,87378,37,39,9968,4632,Attack
6,49326,10,18,3980,5974,Benign
6,56302,19,46,8764,5359,Benign
6,9078,28,48,9679,8837,Attack
6,67480,34,37,3593,2237,Benign
6,16118,30,11,1147,6680,Benign
6,54409,9,48,9005,3390,Attack
6,63958,39,22,8780,9624,Benign
6,11761,48,49,9943,9663,Attack
6,76217,22,1,2540,7720,Benign
6,2599,34,5,2742,4769,Benign
6,24207,20,23,351,1253,Attack
6,42129,19,19,7053,1176,Attack
6,18008,33,24,9518,9418,Attack
6,57707,26,46,7627,5474,Attack
6,71620,47,15,4436,2486,Attack
6,94038,20,24,2378,6918,Benign
6,70603,5,17,1842,1220,Attack
6,16388,9,21,3596,3782,Benign
6,66158,17,33,5084,8119,Benign
6,41077,32,30,615,8505,Attack
6,23007,33,47,3737,6569,Benign
6,41474,49,25,2633,910,Attack
6,22702,39,48,4372,866,Attack
6,4981,48,44,7674,9163,Benign
6,62741,10,2,2643,3916,Attack
6,92486,10,28,7087,2498,Benign
6,83136,6,12,4718,6651,Benign
6,26060,11,29,4623,8323,Attack
6,31771,9,47,3710,2749,Benign
6,65344,35,44,9358,3908,Attack
6,93607,18,8,6080,3295,Attack
6,54793,4,9,3978,5446,Attack
6,49710,9,43,9583,150,Attack
6,64988,16,20,2933,1633,Attack
6,24711,24,27,7836,826,Benign
6,25549,41,36,4192,2120,Attack
6,47724,46,9,4248,3494,Attack
6,25504,30,17,6128,717,Benign
6,88844,22,42,1268,2266,Attack
6,45569,46,10,8021,2826,Attack
6,52382,8,35,1675,1096,Benign
6,57209,25,15,7451,5759,Benign
6,87925,21,36,1261,6244,Attack
6,12249,11,44,8595,1979,Benign
6,16866,42,8,2402,318,Attack
6,2372,31,4,3777,552,Benign
6,4865,27,39,9745,9028,Benign
6,60919,42,17,4444,5170,Benign
6,48267,37,40,7569,3965,Attack
6,62582,10,29,3386,6438,Attack
6,57901,19,16,1910,9928,Attack
6,2553,29,37,5314,8223,Attack
6,5948,7,29,6087,1259,Benign
6,72824,7,21,3872,313,Attack
6,46631,45,8,3707,5527,Benign
6,30209,21,11,8187,3903,Benign
6,82923,23,49,9097,6221,Benign
6,50829,36,41,6086,8957,Benign
6,9065,3,32,4007,2541,Attack
6,32965,25,20,6792,9536,Benign
6,10697,45,15,8595,3373,Attack
6,8254,30,39,1483,8214,Benign
6,14090,15,38,8730,5384,Attack
6,717,20,5,7592,7380,Attack
6,41271,18,22,425,3169,Benign
6,49096,21,30,1245,5226,Benign
6,43968,12,44,7692,8769,Attack
6,15668,3,2,3473,793,Benign
6,58403,23,25,2328,2704,Benign
6,36564,39,1,6864,282,Attack
6,22826,30,17,3078,7788,Attack
6,85522,27,3,5666,8955,Attack
6,67147,6,38,7659,9172,Benign
6,38145,46,10,401,9466,Attack
6,89602,32,47,9651,9959,Benign
6,49007,42,48,9875,8032,Attack
6,37159,21,10,2753,3523,Benign
6,57537,18,31,2075,1244,Attack
6,26761,47,13,137,4994,Attack
6,17992,6,0,9667,9048,Benign
6,90347,40,1,4404,7821,Benign
6,79472,20,8,9766,7322,Attack
6,9689,49,8,6523,8910,Benign
6,11645,24,31,1105,2927,Attack
6,51996,44,20,1147,8699,Attack
6,99750,45,39,515,4914,Benign
6,53844,7,15,5842,9753,Benign
6,80287,23,11,1345,1021,Attack
6,78145,48,21,8171,1945,Benign
6,78161,16,49,2492,3124,Attack
6,60654,44,9,8137,7467,Benign
6,84725,27,25,3439,4178,Benign
6,97174,41,28,7200,5709,Benign
6,94308,9,8,9762,1393,Attack
6,38358,7,15,6106,2298,Benign
6,91760,24,15,639,4717,Attack
6,29027,5,1,4787,2354,Attack
6,84463,22,43,1430,2401,Attack
6,83629,14,27,137,5047,Benign
6,20843,34,16,3983,1307,Attack
6,64531,39,24,375,3418,Attack
6,25834,35,38,8173,927,Benign
6,79732,25,34,4583,8223,Benign
6,80194,5,21,4823,7698,Benign
6,76421,16,0,9474,9160,Attack
6,19707,19,46,768,4942,Benign
6,34033,17,44,1544,3472,Attack
6,48446,10,34,2353,7138,Attack
6,7424,13,35,7386,1550,Attack
6,34026,10,35,6654,1176,Benign
6,70203,8,48,5913,6430,Attack
6,14140,14,12,5174,3723,Benign
6,85450,28,36,1474,6036,Attack
6,84884,9,34,5076,3888,Benign
6,42817,31,31,3562,7008,Benign
6,5366,3,28,7878,9334,Attack
6,54771,3,37,1485,5363,Benign
6,127,18,32,6703,8847,Attack
6,42227,43,43,2015,6645,Attack
6,12674,21,7,5705,9843,Attack
6,87754,31,42,1603,7139,Attack
6,25939,20,9,2646,8065,Benign
6,38829,8,1,4205,5054,Benign
6,6477,9,2,2857,1032,Benign
6,52848,35,48,4396,2858,Benign
6,59645,29,19,9073,464,Attack
6,88075,1,45,4206,491,Benign
6,9762,23,49,3546,6696,Attack
6,62692,14,27,3100,8076,Attack
6,11516,21,49,9730,7695,Attack
6,41415,32,32,6770,6544,Benign
6,63193,42,1,4553,4855,Benign
6,31282,15,0,2959,8348,Benign
6,75504,38,22,6080,9953,Benign
6,41613,39,23,1303,7890,Benign
6,94442,12,6,473,743,Attack
6,88195,9,34,656,3934,Benign
6,86368,4,28,8962,4128,Attack
6,90252,36,1,4531,205,Attack
6,61896,8,33,8202,272,Attack
6,8143,8,24,7345,9830,Benign
6,63265,22,17,2319,8228,Attack
6,58213,50,31,8912,2894,Benign
6,26548,48,30,3826,3865,Benign
6,80084,41,33,749,1590,Attack
6,42167,22,12,8174,8236,Attack
6,76853,32,27,4853,5140,Attack
6,94298,2,3,8002,1043,Attack
6,90537,10,0,1241,9727,Attack
6,18481,12,41,3413,8721,Attack
6,95013,3,7,6451,7294,Benign
6,32919,4,23,7760,1446,Benign
6,28581,9,39,8790,1000,Attack
6,69432,11,7,5204,1104,Benign
6,7450,22,2,7429,9946,Attack
6,34794,31,44,9353,8548,Attack
6,83815,5,14,9082,5215,Attack
6,26766,3,49,9958,6468,Attack
6,23678,19,2,4750,9281,Attack
6,95173,39,14,1153,7970,Attack
6,33643,40,36,9825,6409,Attack
6,65089,29,22,5564,5298,Attack
6,88584,42,28,2831,1575,Attack
6,53347,7,22,1191,4803,Benign
6,46210,18,4,6324,1104,Benign
6,29081,13,4,5491,1878,Benign
6,62338,7,25,2857,8408,Attack
6,85965,15,18,5086,7858,Benign
6,28059,41,8,6241,4187,Attack
6,25960,40,29,7479,1116,Benign
6,61211,39,36,909,8563,Attack
6,1638,15,13,248,9299,Benign
6,36688,18,9,7722,8504,Benign
6,29048,17,7,6861,7376,Attack
6,38312,28,33,9527,2751,Benign
6,77778,23,48,9008,9560,Benign
6,14386,2,26,6504,124,Benign
6,13203,10,2,5359,8466,Benign
6,57962,11,28,5399,5602,Benign
6,10296,25,37,2204,3960,Attack
6,56288,15,48,2595,3101,Attack
6,32431,12,8,5897,2782,Attack
6,88019,10,23,5084,4375,Benign
6,94067,1,49,8261,3475,Attack
6,28089,5,42,2595,1935,Benign
6,98768,37,34,3577,9102,Attack
6,62334,49,14,4529,1943,Attack
6,25676,46,8,7449,5580,Benign
6,25052,19,26,8756,4398,Benign
6,74762,1,6,6933,1131,Benign
6,50611,22,9,6057,6519,Attack
6,95467,9,11,2610,4038,Benign
6,39425,36,0,8001,1100,Attack
6,32996,34,20,8161,1674,Attack
6,57879,28,40,9563,5952,Benign
6,64388,45,34,7316,1351,Attack
6,68223,10,24,1352,4103,Attack
6,65197,37,22,9825,1814,Attack
6,62207,16,37,6285,175,Benign
6,5495,27,2,5633,7706,Attack
6,84005,22,5,1331,2044,Benign
6,16635,13,11,6611,5229,Attack
6,33238,30,28,3538,113,Attack
6,29509,26,47,9350,1371,Attack
6,44011,13,31,3541,7352,Benign
6,44064,25,39,5382,9997,Benign
6,971,20,43,8882,6780,Attack
6,70312,33,5,1922,4647,Attack
6,38416,5,20,6228,2825,Attack
6,93301,39,34,7230,8013,Attack
6,8561,50,21,5272,7024,Benign
6,1640,14,49,486,3099,Attack
6,48233,15,47,4685,5582,Benign
6,21510,38,9,3543,1984,Benign
6,46304,6,49,6652,6710,Benign
6,47464,23,10,6538,6441,Attack
6,33252,3,34,9574,742,Attack
6,28786,8,13,5255,8622,Benign
6,94939,42,5,9343,313,Benign
6,96591,40,1,7608,4771,Benign
6,59964,28,39,6691,279,Attack
6,56723,42,45,6293,8324,Benign
6,70700,24,8,6159,3376,Benign
6,63219,39,10,8787,5512,Benign
6,36602,21,33,4604,9643,Benign
6,53431,15,3,7566,5809,Attack
6,55761,45,12,5715,2462,Benign
6,16251,7,28,1975,2744,Attack
6,10977,32,20,1795,5129,Attack
6,83685,25,37,7684,9089,Attack
6,60168,37,18,9260,5026,Benign
6,57843,34,45,5181,6510,Attack
6,10183,21,10,4001,1227,Benign
6,67147,32,37,3238,6233,Benign
6,61691,36,27,1001,2750,Benign
6,93812,14,2,8687,2976,Attack
6,34032,30,1,1021,8401,Attack
6,41259,21,41,7262,5519,Attack
6,1785,1,2,5535,5949,Attack
6,8184,14,10,6282,7991,Benign
6,13778,9,36,5728,3823,Benign
6,44574,12,50,8511,5501,Benign
6,13025,49,32,8910,3211,Attack
6,16684,22,39,1,5271,Benign
6,38701,46,27,1313,1116,Benign
6,34609,2,5,5817,7601,Attack
6,47658,49,37,3499,9704,Benign
6,12189,38,45,8120,5753,Benign
6,72417,47,12,5392,9816,Benign
6,18084,25,35,3273,8223,Attack
6,47306,45,32,30,1213,Benign
6,339,48,2,4754,4907,Attack
6,49213,49,25,9162,8634,Benign
6,56009,26,46,9703,7598,Benign
6,32891,19,41,6983,9870,Benign
6,37889,9,38,2817,2398,Attack
6,52533,48,18,8592,8914,Benign
6,48759,35,15,7182,5025,Attack
6,81628,26,32,8684,8470,Attack
6,59590,31,38,5947,3499,Attack
6,27253,38,20,1109,6124,Attack
6,7192,46,34,3735,4519,Benign
6,52340,43,3,3986,6472,Attack
6,53339,50,2,7469,1341,Benign
6,51839,31,8,1439,3155,Attack
6,20556,45,40,5651,8590,Benign
6,23504,7,42,1205,7367,Benign
6,48592,40,1,9521,6522,Benign
6,97334,33,47,7316,5729,Benign
6,65563,10,35,3406,9215,Benign
6,26434,45,40,5226,5353,Attack
6,26794,18,5,4062,6946,Benign
6,99701,50,4,7392,5331,Attack
6,94398,5,20,5345,1249,Attack
6,13454,20,36,9881,5747,Benign
6,10912,15,21,4731,8090,Attack
6,91866,32,39,7460,1649,Attack
6,52098,11,28,5423,2793,Benign
6,5261,5,28,1754,5092,Attack
6,42050,15,30,5194,313,Attack
6,56312,6,6,3431,5155,Benign
6,37826,7,0,9783,6570,Attack
6,97280,44,20,7079,188,Attack
6,44374,32,23,5761,5252,Benign
6,26579,33,35,3375,5956,Attack
6,18640,6,33,4977,6424,Attack
6,17083,40,42,4798,9552,Benign
6,4740,31,1,9244,4363,Benign
6,78440,25,4,7432,5968,Benign
6,55614,9,29,8467,7554,Benign
6,74396,9,17,509,2850,Attack
6,57745,30,7,7161,7683,Benign
6,89973,33,48,3759,3493,Benign
6,33576,12,49,8526,9047,Benign
6,20985,6,0,6534,8736,Attack
6,83486,11,34,1298,4571,Attack
6,29535,36,28,8680,9688,Benign
6,85397,17,41,3681,2909,Benign
6,12608,23,4,501,7959,Benign
6,67809,16,38,9864,168,Attack
6,10742,14,1,644,8450,Attack
6,43979,9,32,5337,889,Benign
6,56970,9,3,2283,1246,Benign
6,93350,49,49,1036,4699,Attack
6,91254,47,7,1308,7481,Attack
6,53593,46,42,9801,5136,Attack
6,46217,3,20,940,6146,Benign
6,91853,3,10,3588,9549,Benign
6,24925,44,34,3306,2397,Benign
6,8075,30,21,3912,3630,Attack
6,18243,9,25,9930,2276,Benign
6,12987,37,30,3598,7383,Benign
6,42842,48,49,4133,5165,Benign
6,13265,39,47,7788,3478,Attack
6,12304,2,28,4159,2746,Attack
6,92002,28,10,4921,8980,Benign
6,78741,32,0,1557,1702,Attack
6,26968,30,20,8685,6375,Benign
6,16079,39,48,2892,8386,Benign
6,27397,45,5,1222,441,Attack
6,53057,35,28,5373,7322,Attack
6,40999,41,15,4630,6637,Benign
6,793,31,27,545,5621,Benign
6,89684,27,8,1000,5813,Attack
6,86240,23,16,2207,9531,Attack
6,43703,39,16,6266,2110,Attack
6,15432,44,38,8257,7687,Benign
6,80966,4,43,6087,5415,Attack
6,66618,25,48,7115,6034,Attack
6,72715,39,32,4188,3944,Benign
6,57010,36,14,1934,1740,Attack
6,48197,16,21,4859,6987,Benign
6,74831,34,49,7240,5105,Attack
6,31892,30,38,276,4903,Benign
6,82557,45,11,5100,9666,Benign
6,36293,13,42,849,9848,Attack
6,30415,32,3,1422,4977,Benign
6,88797,39,14,7662,2720,Benign
6,65332,4,13,9469,3391,Attack
6,21507,49,17,252,2196,Attack
6,80846,38,34,541,8635,Attack
6,20168,46,31,6242,3115,Attack
6,78015,44,19,7412,9074,Benign
6,84459,25,3,2494,8992,Attack
6,98662,22,28,7594,6871,Attack
6,81522,16,27,2052,3794,Attack
6,7921,25,49,9434,6446,Attack
6,76226,31,19,5885,2449,Benign
6,37152,34,27,2131,5923,Attack
6,41183,4,15,6887,2743,Benign
6,23197,18,5,2955,3365,Benign
6,74816,26,29,3186,6630,Attack
6,25142,9,15,741,9516,Benign
6,57732,3,38,5467,4301,Benign
6,48547,16,40,4752,4864,Benign
6,93668,50,42,2760,8786,Benign
6,98015,20,29,8317,3775,Attack
6,83252,16,37,4934,1370,Benign
6,74240,2,26,3528,2584,Benign
6,62752,27,19,9209,7510,Benign
6,73371,14,4,3866,3825,Attack
6,38146,42,2,2869,4355,Attack
6,9885,1,11,4542,5642,Attack
6,62667,2,44,909,8616,Attack
6,15359,1,29,5956,4194,Attack
6,46937,21,1,2612,3739,Benign
6,18948,43,12,6949,3301,Benign
6,16822,25,44,6057,8804,Benign
6,40353,13,15,4026,4481,Attack
6,19645,8,11,6183,8041,Attack
6,77770,14,20,1810,6735,Attack
6,41709,31,16,8129,7703,Attack
6,60514,34,0,1258,3628,Attack
6,11153,11,40,9881,1600,Attack
6,11612,33,31,9901,2490,Benign
6,43971,21,44,3401,9232,Attack
6,56739,27,38,6213,1944,Attack
6,84937,27,43,8998,9239,Attack
6,6270,6,28,9361,3914,Attack
6,14744,2,27,5187,3445,Attack
6,86000,24,6,8087,9751,Benign
6,94093,7,45,7587,6831,Benign
6,57718,4,1,8786,1533,Attack
6,96546,34,25,5691,9033,Benign
6,35442,32,16,3578,1746,Benign
6,70624,8,0,7737,3373,Benign
6,69437,45,44,8953,5575,Benign
6,25718,21,44,606,7674,Benign
6,12497,45,33,907,5414,Attack
6,3967,26,19,123,1444,Attack
6,47426,42,47,5657,8063,Benign
6,78098,21,16,4167,5583,Attack
6,31690,32,7,3183,4842,Benign
6,97348,19,1,2948,9801,Benign
6,37469,15,31,4466,5160,Benign
6,33598,34,37,6683,7333,Attack
6,21913,9,6,2810,9952,Benign
6,27993,25,14,752,633,Attack
6,13856,36,33,4771,6385,Benign
6,41141,14,28,6259,9739,Benign
6,24708,6,23,8339,8215,Benign
6,88435,29,21,7016,5694,Benign
6,32972,34,30,4236,1737,Attack
6,49520,9,2,8506,9989,Benign
6,59174,4,44,2116,2235,Benign
6,82705,17,37,6876,1036,Benign
6,51502,5,33,8918,7151,Attack
6,67622,2,37,4765,6296,Attack
6,41195,5,35,405,750,Benign
6,51169,49,7,5967,7500,Attack
6,39221,7,8,9828,5245,Attack
6,8442,26,39,8362,2319,Attack
6,36394,35,27,7338,5049,Attack
6,21065,26,18,9000,417,Attack
6,11529,15,1,9718,8611,Benign
6,21224,12,49,3701,1247,Benign
6,56243,24,34,3284,513,Benign
6,73130,9,31,5285,5730,Benign
6,62894,32,4,595,8894,Attack
6,53197,45,28,2976,4166,Benign
6,49559,13,17,8290,2727,Benign
6,57846,15,17,9047,1991,Attack
6,22973,1,38,8546,2655,Attack
6,41566,36,22,1876,7914,Benign
6,54178,36,48,2642,2108,Attack
6,27798,30,45,9165,4642,Attack
6,88035,7,16,253,4189,Benign
6,37068,47,12,9861,4730,Attack
6,21486,19,36,5398,5879,Benign
6,73878,17,21,7010,736,Attack
6,31988,34,14,405,1618,Attack
6,45498,26,31,4360,129,Attack
6,4145,29,43,3279,4872,Benign
6,6436,36,28,1650,4118,Benign
6,18194,12,4,7904,1414,Attack
6,23427,42,7,9221,8182,Benign
6,9914,33,36,4252,4029,Attack
6,43137,50,11,7020,5114,Attack
6,65287,28,49,1816,2670,Attack
6,12777,17,50,949,4902,Attack
6,59870,31,34,4998,6377,Attack
6,75375,6,28,4900,2597,Attack
6,66616,36,41,1745,1844,Attack
6,15846,45,21,3381,1073,Attack
6,33816,31,0,5507,1966,Benign
6,72830,33,1,9590,2878,Benign
6,75313,4,26,8684,7936,Attack
6,35949,40,44,7299,9931,Attack
6,90470,21,0,189,4714,Benign
6,28501,6,19,7260,848,Benign
6,7245,22,5,2656,2227,Attack
6,6522,24,7,1572,5284,Attack
6,82262,16,4,8860,5833,Benign
6,49419,26,38,8524,4717,Attack
6,48304,40,28,663,6018,Attack
6,20013,7,9,3251,9309,Attack
6,93435,4,18,7676,1875,Attack
6,79609,36,24,4277,3127,Attack
6,39064,40,48,4227,6977,Benign
6,32637,15,18,3401,2424,Attack
6,81622,9,30,8115,124,Benign
6,336,46,9,9372,1180,Attack
6,79482,19,37,6626,246,Attack
6,30987,20,12,7677,1416,Attack
6,15316,27,4,6964,3711,Benign
6,47515,35,1,9572,791,Benign
6,52505,15,34,4493,4118,Attack
6,74337,29,19,9773,251,Attack
6,54226,27,50,6180,5668,Benign
6,2527,19,9,8745,1674,Attack
6,88630,23,0,9764,8418,Benign
6,39002,17,12,5405,4952,Benign
6,70228,42,9,1037,1078,Attack
6,65103,35,6,7369,9714,Benign
6,56396,21,46,5775,9358,Benign
6,70269,1,26,2591,8602,Benign
6,95259,11,16,7677,1883,Benign
6,22559,33,15,9841,3672,Attack
6,46774,45,8,146,6224,Benign
6,31121,25,37,9131,9246,Benign
6,89740,43,11,4822,5869,Attack
6,67446,35,50,6661,2731,Attack
6,86349,47,16,4465,3086,Attack
6,58260,48,28,5380,1259,Attack
6,54596,37,45,4245,6195,Attack
6,12146,13,16,4114,9308,Attack
6,79703,15,11,624,1461,Benign
6,19705,25,8,7311,7088,Benign
6,90382,6,34,7433,2663,Benign
6,44216,43,7,8979,5962,Benign
6,30718,11,20,630,5281,Benign
6,32661,42,12,392,7212,Benign
6,21710,36,19,1403,1369,Benign
6,85413,44,12,5895,1266,Benign
6,64292,12,32,3374,4418,Benign
6,54735,16,20,3016,9583,Benign
6,25771,6,26,2612,182,Benign
6,13313,44,28,9,486,Benign
6,7874,49,14,1075,2065,Benign
6,69016,25,48,4325,2456,Attack
6,17329,50,25,7925,3052,Benign
6,87207,36,50,1303,735,Benign
6,23599,24,17,6476,9085,Benign
6,8446,5,27,1668,5688,Attack
6,68600,21,28,692,1897,Benign
6,51734,9,40,4215,3157,Benign
6,23902,8,37,2499,3660,Benign
6,73825,24,24,2029,2730,Attack
6,84261,38,29,8944,4035,Benign
6,50628,5,2,121,9791,Benign
6,20210,19,24,5609,8421,Benign
6,80313,3,12,3833,1929,Attack
6,26648,47,50,5050,533,Benign
6,56933,7,32,3482,9447,Benign
6,21680,21,40,6305,1972,Attack
6,50505,45,42,4710,1483,Benign
6,84544,29,43,1728,1281,Benign
6,13622,19,20,6780,8906,Benign
6,89347,38,35,2250,949,Attack
6,85419,37,12,6029,846,Benign
6,31871,30,11,4752,6733,Attack
6,87139,2,23,8952,3939,Attack
6,20229,3,46,9465,9136,Benign
6,81198,24,47,470,7015,Attack
6,69963,35,39,1358,4387,Attack
6,15717,32,14,6193,7055,Benign
6,29441,8,29,7850,484,Benign
6,64151,13,32,4979,1073,Attack
6,37402,33,30,3000,7791,Benign
6,19995,31,34,6873,5307,Benign
6,96370,50,30,6664,8493,Attack
6,54856,46,15,6276,3661,Benign
6,74062,3,46,655,4998,Benign
6,66702,11,12,5616,7597,Attack
6,92376,8,17,4915,3845,Benign
6,81189,38,44,213,7950,Benign
6,5544,33,24,3619,1661,Benign
6,62476,4,48,9083,8876,Attack
6,75666,13,40,7487,441,Attack
6,48314,26,23,619,3268,Attack
6,11280,1,50,6370,7376,Attack
6,81547,39,42,7135,5224,Attack
6,43941,19,36,3507,9324,Benign
6,20934,17,49,7209,9348,Benign
6,78720,39,24,2944,3215,Benign
6,31839,5,16,8092,601,Benign
6,19416,35,29,8340,523,Benign
6,22153,30,5,9043,7295,Attack
6,21774,22,40,571,6594,Benign
6,33315,2,49,6475,8236,Attack
6,73585,44,46,3586,784,Benign
6,85160,9,19,8842,6376,Attack
6,31839,22,8,6835,8601,Attack
6,53502,9,28,3688,208,Benign
6,84927,46,42,8405,5912,Attack
6,86312,20,24,1966,1887,Attack
6,71386,26,36,2770,8829,Attack
6,49488,48,1,3119,9813,Benign
6,69090,23,8,9949,9513,Benign
6,90203,5,50,8013,3417,Benign
6,37104,30,18,6079,519,Attack
6,313,43,23,8506,628,Benign
6,81265,20,49,887,5209,Attack
6,81618,45,31,884,4830,Attack
6,19021,5,15,8109,646,Benign
6,80945,31,41,6162,3314,Benign
6,84586,32,13,2780,7912,Benign
6,69695,23,19,5597,5748,Benign
6,29604,12,13,7321,4773,Attack
6,66535,26,18,2059,8006,Benign
6,66871,38,37,3399,9490,Attack
6,7080,1,14,6235,2786,Attack
6,63572,28,50,3208,2643,Attack
6,60829,3,5,7637,3814,Attack
6,34754,10,45,5337,3526,Attack
6,99808,46,10,8748,9392,Attack
6,95565,45,17,2110,8650,Attack
6,8280,13,29,4375,4268,Attack
6,73385,37,31,5191,6963,Attack
6,70365,10,47,294,5984,Benign
6,82837,13,10,3525,4581,Attack
6,7983,15,44,4496,7603,Attack
6,40706,24,7,7469,7648,Attack
6,69610,11,4,4376,2173,Benign
6,13882,46,6,3723,6828,Benign
6,74007,2,40,6176,278,Attack
6,12950,30,38,6154,5314,Attack
6,77187,9,46,3523,9480,Attack
6,77931,9,21,3165,9687,Benign
6,43093,39,38,1516,3932,Benign
6,13954,50,23,2556,8273,Attack
6,92650,42,44,865,6425,Attack
6,85629,3,32,6731,9588,Attack
6,77037,7,0,1829,5309,Benign
6,53829,12,19,8804,8539,Attack
6,43116,28,38,3826,6947,Benign
6,21017,32,24,7922,6611,Attack
6,65909,35,7,925,2700,Benign
6,59026,47,35,9535,6939,Attack
6,61676,35,8,8097,3804,Benign
6,94467,15,37,5947,3639,Attack
6,52560,34,37,2180,9618,Benign
6,46091,25,8,1435,3471,Attack
6,14971,9,33,2187,3521,Benign
6,55152,38,8,8248,4159,Benign
6,33569,21,42,985,7174,Attack
6,68731,33,45,5650,9268,Benign
6,821,30,32,9850,3695,Benign
6,85608,32,4,9232,5443,Attack
6,37574,30,31,646,8927,Attack
6,14218,37,2,7742,7329,Benign
6,35444,31,4,1581,9077,Benign
6,27611,5,49,7704,2933,Benign
6,2985,30,41,7940,5952,Benign
6,88073,34,35,4475,2987,Benign
6,32321,33,28,6152,8665,Benign
6,8212,17,45,3227,690,Benign
6,1370,31,19,2697,3243,Attack
6,93818,49,13,3009,1609,Attack
6,20128,32,9,973,1941,Attack
6,8171,44,16,8951,6490,Attack
6,85425,48,36,7700,6701,Benign
6,78856,17,23,9006,7442,Attack
6,22003,27,41,1717,1120,Benign
6,44700,43,3,2920,7837,Attack
6,80429,36,16,3443,4523,Attack
6,38797,39,6,8836,2787,Benign
6,54688,32,35,8871,6603,Benign
6,63608,7,7,9798,4262,Benign
6,32340,14,8,7775,343,Attack
6,57853,21,12,1650,6911,Attack
6,77153,1,46,4431,9886,Benign
6,24657,37,25,2724,9868,Benign
6,31743,36,18,8778,2378,Attack
6,54698,16,10,1128,50,Attack
6,35449,21,47,2102,4196,Benign
6,3164,13,43,189,4871,Attack
6,28075,12,41,325,1522,Benign
6,61717,50,23,1603,347,Attack
6,65595,12,35,6174,8396,Benign
6,12247,10,39,8870,3893,Benign
6,73715,14,16,8204,8651,Attack
6,13495,37,38,1222,1284,Benign
6,16630,41,26,1081,7931,Benign
6,91372,30,27,6514,3210,Benign
6,15514,22,16,515,3181,Attack
6,95402,6,2,1495,6567,Benign
6,27377,15,33,1931,3500,Benign
6,47813,33,43,1864,1458,Benign
6,71672,19,7,7701,5842,Attack
6,79228,21,1,4801,275,Attack
6,62871,33,47,6678,8184,Benign
6,64458,26,43,585,2054,Attack
6,72492,3,16,2898,9018,Attack
6,4647,8,47,2592,1199,Benign
6,6018,22,16,7017,9523,Benign
6,71339,24,7,832,8678,Attack
6,44533,17,49,290,1546,Attack
6,31528,47,34,3448,7523,Attack
6,28179,42,41,2616,262,Attack
6,79605,12,39,7753,9597,Benign
6,8020,49,22,6199,3241,Benign
6,76796,14,47,3247,2941,Benign
6,89069,4,10,1241,2662,Attack
6,11682,12,34,2674,5392,Benign
6,86568,18,13,5435,7462,Benign
6,26277,7,38,6225,7551,Attack
6,59861,22,10,1932,1589,Attack
6,33090,25,26,2560,3245,Benign
6,72331,46,23,4172,4310,Benign
6,81794,33,19,8008,9301,Attack
6,24165,38,5,1350,1630,Benign
6,16519,50,48,3334,7175,Attack
6,482,11,8,9614,4635,Attack
6,89870,30,38,3777,9560,Attack
6,48382,26,23,5835,4580,Benign
6,23480,10,37,9364,7549,Benign
6,59836,21,36,1540,1520,Attack
6,7473,11,39,5466,6445,Benign
6,50190,2,25,8176,3700,Benign
6,38910,12,5,2173,3199,Benign
6,94551,5,18,2898,5314,Attack
6,5136,33,26,9405,1523,Attack
6,93421,3,38,5123,7106,Attack
6,93323,28,23,8441,5055,Benign
6,70553,29,17,7149,2623,Benign
6,95081,3,9,749,4619,Attack
6,53181,24,22,5748,6493,Benign
6,93803,46,2,8747,6813,Attack
6,76975,38,13,1637,8463,Attack
6,13640,38,18,1972,801,Attack
6,84559,35,3,3470,3253,Benign
6,36574,30,17,3577,1241,Attack
6,56857,23,5,929,1107,Attack
6,26839,38,28,8276,3513,Attack
6,80915,43,48,5772,3031,Benign
6,11253,2,48,7139,9959,Attack
6,61393,39,41,8433,9146,Benign
6,42912,43,7,746,2197,Attack
6,45809,40,36,1141,3520,Benign
6,38480,43,33,4041,4261,Attack
6,43227,18,7,8877,3988,Benign
6,3992,46,14,3721,9179,Benign
6,79493,41,50,666,9512,Benign
6,95739,33,22,5808,5146,Attack
6,63714,14,17,2373,248,Attack
6,25597,9,12,5619,5332,Attack
6,3557,27,27,7911,4460,Benign
6,2862,1,43,6200,5839,Attack
6,31392,49,3,5216,8248,Benign
6,12479,42,3,2385,9427,Benign
6,67248,20,24,7709,9293,Benign
6,8434,25,27,2011,9496,Benign
6,48672,3,12,2924,6148,Attack
6,86185,35,10,5960,7410,Attack
6,39139,24,42,957,9774,Benign
6,44240,17,23,2114,887,Attack
6,33892,11,0,9930,4342,Benign
6,12058,34,13,7866,2659,Benign
6,29557,29,21,5682,4779,Benign
6,32043,2,8,9087,4489,Benign
6,52670,7,27,3175,144,Benign
6,66086,39,45,4813,8262,Attack
6,54889,35,29,8197,960,Benign
6,33321,25,13,7440,1413,Attack
6,72264,49,11,9376,5572,Benign
6,35714,25,39,5906,4572,Attack
6,65392,46,22,4135,5969,Attack
6,69201,42,23,1957,2879,Attack
6,244,46,29,1183,3885,Benign
6,64365,9,40,8659,4847,Benign
6,2183,28,25,2128,7594,Attack
6,15209,1,49,2743,2685,Benign
6,75128,4,28,4963,9271,Attack
6,86052,40,17,2341,2655,Attack
6,94584,35,48,5833,2252,Benign
6,95854,27,50,3421,7348,Benign
6,75789,36,0,9378,7712,Attack
6,86257,1,0,6906,3558,Benign
6,48717,50,37,5336,5233,Attack
6,56702,46,22,8886,2742,Attack
6,92771,15,41,1628,6668,Attack
6,93346,19,3,7031,876,Attack
6,12631,31,36,5204,5587,Attack
6,60410,41,7,2968,1692,Benign
6,23641,15,41,710,547,Attack
6,36288,41,20,443,8477,Attack
6,94905,3,33,5385,4364,Attack
6,98126,8,4,4870,8955,Benign
6,56969,46,42,7120,7508,Benign
6,12444,43,45,8665,8643,Attack
6,33425,40,2,7057,8652,Benign
6,97777,31,48,5124,8373,Attack
6,54765,50,29,6198,2018,Benign
6,46963,28,32,7590,4719,Benign
6,18205,32,32,1824,2517,Benign
6,81741,21,35,767,3636,Benign
6,8281,29,36,4347,1837,Benign
6,52832,45,7,9051,2497,Attack
6,60216,3,9,7055,4431,Attack
6,52421,1,10,1892,6904,Benign
6,28245,5,12,4777,7120,Benign
6,16627,47,7,6560,8766,Attack
6,29876,50,12,5425,4568,Benign
6,81687,19,29,2068,8722,Benign
6,45533,19,36,1416,8669,Attack
6,74832,33,13,4060,887,Benign
6,93508,31,46,577,8588,Benign
6,56204,30,20,4012,9873,Attack
6,59291,1,32,3526,3630,Benign
6,86236,15,13,4338,4497,Benign
6,90791,42,3,2747,7175,Attack
6,9106,25,14,3451,1595,Benign
6,37935,39,37,5931,1188,Attack
6,56337,17,22,2668,4882,Benign
6,53399,8,41,9469,7949,Benign
6,38708,36,25,8995,3525,Attack
6,5161,30,24,3000,4490,Attack
6,35810,41,23,6190,1380,Benign
6,12498,15,31,664,1961,Attack
6,23670,4,16,6782,5221,Benign
6,96454,36,18,6413,9104,Benign
6,52347,30,21,2548,171,Attack
6,84243,32,25,3122,6204,Benign
6,56072,24,15,7332,8177,Attack
6,84740,4,45,2679,4189,Attack
6,68808,21,41,4197,1096,Benign
6,52882,1,15,2809,1198,Benign
6,45384,6,8,49,3502,Attack
6,33406,4,19,9538,5273,Benign
6,9468,39,33,5092,1855,Benign
6,58907,1,42,9233,4465,Benign
6,21705,25,44,1241,7555,Benign
6,96814,37,37,3333,2773,Benign
6,32460,36,46,4077,4581,Benign
6,57743,16,1,9644,3087,Benign
6,20783,23,46,6064,3753,Attack
6,78906,27,45,882,5522,Benign
6,43325,43,38,175,7029,Attack
6,50861,3,15,1404,9809,Benign
6,4119,32,7,3452,7795,Benign
6,97712,18,9,9807,4342,Attack
6,60750,1,1,5143,2394,Attack
6,83081,8,0,7952,1221,Attack
6,66112,14,20,4764,5422,Benign
6,4263,2,3,2999,8969,Attack
6,3444,7,10,7074,2751,Benign
6,81361,48,40,9917,5555,Benign
6,93523,25,19,8053,6803,Benign
6,65962,7,33,8363,4632,Attack
6,31520,28,41,7750,4431,Attack
6,41353,4,30,6843,631,Benign
6,49494,14,1,4067,4716,Benign
6,5383,46,2,4902,325,Attack
6,20293,8,37,639,5743,Benign
6,91044,3,43,8729,8499,Benign
6,87521,26,9,1625,6462,Benign
6,31911,32,45,3091,3124,Attack
6,56952,28,37,2714,541,Benign
6,86142,9,39,3325,3861,Attack
6,22664,29,33,2024,8049,Benign
6,7211,9,28,6513,9553,Attack
6,95420,41,21,2692,9212,Attack
6,84685,45,15,5970,6637,Benign
6,45152,18,36,9593,4899,Benign
6,897,33,5,9456,2011,Benign
6,50358,40,45,6111,6373,Benign
6,39017,3,33,3877,2775,Attack
6,10970,5,35,984,4523,Benign
6,42550,28,16,5199,4218,Attack
6,74813,12,4,6661,8950,Benign
6,57110,19,9,3856,490,Benign
6,67859,3,12,7077,3254,Benign
6,53701,15,1,1187,7493,Attack
6,91557,27,48,634,5160,Benign
6,50836,7,50,8439,5249,Benign
6,52193,6,4,6051,6375,Attack
6,59068,4,13,6336,9694,Benign
6,97665,10,33,6458,7799,Attack
6,59055,33,32,6804,8521,Benign
6,56809,7,47,3460,6600,Attack
6,68146,47,30,6883,7038,Attack
6,16176,14,8,2479,1493,Benign
6,70099,29,33,1744,6614,Attack
6,3794,13,15,2239,6713,Benign
6,91295,47,49,7177,5496,Benign
6,44910,50,38,2615,3982,Benign
6,90554,26,11,4046,719,Benign
6,96824,31,0,6363,6865,Attack
6,1825,10,46,6308,8515,Attack
6,41048,39,10,3241,5703,Benign
6,94426,48,2,3618,7362,Attack
6,68027,1,11,8128,5333,Attack
6,67156,33,30,1208,9568,Attack
6,67878,19,15,6321,8557,Attack
6,31201,48,11,8984,7265,Benign
6,57434,7,44,1091,7404,Attack
6,32981,15,4,4725,7254,Benign
6,8869,25,35,2127,9033,Benign
6,74658,47,17,4414,890,Benign
6,38244,31,4,9771,9937,Benign
6,87797,43,36,9322,8039,Benign
6,86010,37,35,5465,7548,Attack
6,38342,11,33,8275,3648,Benign
6,89020,12,26,8024,829,Attack
6,32323,46,42,4887,8601,Benign
6,40149,18,30,7747,229,Benign
6,14025,42,48,8021,8045,Benign
6,84970,29,38,4579,5003,Benign
6,33999,2,49,1179,2594,Attack
6,490,9,4,6441,1005,Benign
6,24823,14,47,2580,4835,Attack
6,16131,6,31,4621,4160,Benign
6,81644,16,50,5005,9591,Attack
6,13872,29,37,9644,7514,Attack
6,94334,5,24,3942,7803,Attack
6,73680,18,5,3353,1232,Benign
6,41539,16,19,7729,7720,Attack
6,54077,45,17,5869,6906,Benign
6,58250,38,43,7692,6242,Attack
6,11502,46,1,3468,8977,Attack
6,1309,14,50,5776,5707,Attack
6,84305,43,5,3741,5314,Attack
6,33386,19,2,5883,6515,Attack
6,20938,41,22,8108,568,Benign
6,8260,7,49,8985,9098,Attack
6,49404,9,44,830,9720,Attack
6,72315,39,30,5488,1517,Attack
6,2785,49,19,654,5983,Benign
6,93353,34,23,4356,574,Attack
6,73557,21,9,654,4685,Attack
6,55299,22,15,3351,4125,Benign
6,3523,25,19,6321,7477,Benign
6,86767,32,36,6868,9876,Attack
6,26388,12,33,5171,8349,Attack
6,80585,9,15,9512,6534,Benign
6,17338,6,32,4919,5459,Attack
6,11218,7,43,756,4190,Attack
6,29885,26,35,6446,9903,Attack
6,66493,29,34,1234,3662,Benign
6,69232,29,35,7833,4460,Benign
6,10824,32,0,1046,288,Attack
6,73862,24,14,8082,2494,Benign
6,41158,2,23,8378,796,Attack
6,6721,18,42,5327,8000,Attack
6,978,9,37,4281,3722,Attack
6,55860,29,5,8415,4821,Attack
6,96618,22,47,5034,5389,Benign
6,28750,12,14,2110,4487,Attack
6,83571,28,11,6583,9272,Benign
6,28682,24,3,5105,2051,Benign
6,69342,46,18,280,9313,Benign
6,6499,3,35,2807,6655,Attack
6,55896,29,50,8474,2110,Attack
6,98710,21,11,9316,3629,Benign
6,73137,42,2,1783,3060,Attack
6,52322,1,10,4432,6044,Benign
6,6215,2,5,9329,50,Benign
6,91078,3,11,6721,2418,Attack
6,42995,49,29,5347,6398,Attack
6,18847,14,42,2001,3692,Benign
6,16748,35,35,9844,47,Benign
6,10475,33,29,8411,7190,Benign
6,90247,21,14,6139,3134,Attack
6,26190,38,9,7060,4496,Benign
6,99253,40,33,3973,8491,Benign
6,67782,24,20,1221,6268,Attack
6,34570,14,21,6104,6495,Benign
6,92609,7,38,7870,1691,Benign
6,20279,45,18,4764,3871,Benign
6,32794,20,14,8220,4957,Attack
6,17488,13,27,2580,4334,Benign
6,51040,15,7,9699,9743,Benign
6,57633,41,8,5101,8808,Benign
6,3067,25,19,38,24,Benign
6,35526,38,40,7968,5775,Benign
6,11990,34,39,1209,3426,Attack
6,70425,23,32,9386,6075,Benign
6,15557,38,3,661,117,Attack
6,46301,10,39,8427,6272,Benign
6,34372,33,23,6920,2875,Attack
6,64456,23,47,6309,588,Benign
6,81151,40,25,8796,5974,Benign
6,63178,33,24,9551,1912,Attack
6,93179,13,43,6195,3103,Attack
6,45450,15,16,2564,5236,Attack
6,47976,47,46,6138,6273,Attack
6,52469,21,44,8653,6745,Benign
6,54718,4,18,6867,3050,Attack
6,21302,24,18,5038,2117,Attack
6,88447,16,39,182,7368,Attack
6,7075,20,17,9608,6820,Attack
6,22794,32,46,7519,7258,Attack
6,28361,49,47,6155,4827,Attack
6,77540,24,8,5950,298,Benign
6,79077,29,49,5574,8391,Attack
6,43733,40,35,6831,2282,Benign
6,87389,19,7,109,8075,Attack
6,2688,10,30,2534,8595,Benign
6,20642,22,20,2676,494,Attack
6,86038,11,29,120,9412,Attack
6,54255,42,7,8207,1296,Attack
6,85839,28,39,775,9236,Benign
6,42760,43,38,8879,1088,Benign
6,73720,50,5,4747,5390,Benign
6,16109,13,24,7566,7757,Attack
6,5190,44,28,2672,3965,Attack
6,17199,4,35,2896,2994,Attack
6,40571,21,17,5405,9754,Benign
6,18002,1,24,7229,2706,Benign
6,28223,24,39,7298,4092,Attack
6,19267,27,43,6036,5202,Attack
6,93587,32,46,7623,8711,Attack
6,28519,16,9,4574,2164,Benign
6,73069,15,13,3824,4186,Benign
6,63192,10,35,3678,5470,Attack
6,80387,39,24,9013,2358,Benign
6,80424,34,15,2840,4782,Attack
6,36176,38,25,9321,646,Benign
6,61014,50,2,6932,9261,Attack
6,78118,24,21,7241,9753,Benign
6,177,23,9,5096,1756,Attack
6,24013,40,40,5127,6170,Benign
6,35753,45,42,3701,4272,Benign
6,14934,29,39,1127,1175,Attack
6,58267,31,20,5012,548,Attack
6,94534,49,3,364,9688,Attack
6,34821,48,24,8938,3759,Benign
6,11218,49,16,9042,6770,Benign
6,11524,19,16,6240,7725,Attack
6,71420,14,24,2379,5361,Benign
6,69679,39,20,2426,4470,Attack
6,12447,36,2,4867,5024,Attack
6,9315,16,2,8869,6431,Benign
6,84040,39,6,8342,524,Attack
6,76276,16,20,6202,8526,Benign
6,18377,10,49,7564,4195,Attack
6,75663,8,3,5948,2648,Benign
6,76874,24,25,540,1397,Benign
6,15359,12,42,8692,3658,Benign
6,64740,25,3,6578,5624,Attack
6,86688,41,16,4934,3691,Benign
6,52099,17,24,1355,5988,Attack
6,64785,37,50,9993,1956,Attack
6,80093,10,4,4905,753,Attack
6,3032,39,39,7177,6620,Attack
6,22114,8,10,5179,3299,Attack
6,62431,30,17,5825,2081,Attack
6,25880,46,37,1758,6382,Benign
6,14814,33,4,7313,862,Benign
6,5620,35,50,4603,4132,Attack
6,24135,40,23,5912,6018,Attack
6,39255,6,25,5533,7830,Benign
6,7296,22,45,7596,4302,Attack
6,25467,33,20,9063,7692,Attack
6,98465,8,32,162,5666,Benign
6,99889,50,37,6213,6406,Benign
6,8709,27,31,390,3438,Benign
6,3792,16,8,4702,3416,Attack
6,8360,34,26,315,1050,Attack
6,86318,8,10,1372,1749,Benign
6,44503,7,42,7587,9727,Attack
6,28829,23,43,7246,3366,Benign
6,6103,29,41,4900,3807,Benign
6,87049,27,16,7646,8933,Benign
6,71705,36,2,8224,2585,Attack
6,41031,6,22,7173,9143,Attack
6,83555,7,13,8016,175,Benign
6,41125,49,25,2557,9967,Attack
6,181,34,32,7770,9242,Benign
6,58572,49,26,6066,5106,Benign
6,8112,49,30,6159,5198,Attack
6,8531,41,34,9640,4239,Attack
6,59323,31,8,1438,7421,Attack
6,39841,24,50,6888,4735,Attack
6,32444,8,16,3743,9982,Attack
6,61156,30,38,6432,3036,Benign
6,55692,8,11,6209,9395,Benign
6,81036,9,20,272,3172,Attack
6,56619,32,40,8711,7291,Attack
6,15214,10,26,8225,5065,Attack
6,29441,9,44,1897,8600,Benign
6,32232,27,11,3603,7159,Benign
6,83039,24,10,4950,9571,Attack
6,64865,16,4,8920,5745,Benign
6,86033,16,37,6717,6273,Attack
6,80075,28,20,4994,7802,Attack
6,36091,39,28,6158,1980,Attack
6,29896,2,12,2897,3555,Benign
6,91513,6,6,5753,3512,Benign
6,69570,32,4,2309,4804,Benign
6,96005,28,10,2258,835,Attack
6,72222,42,35,932,4016,Benign
6,97445,20,28,2295,2693,Benign
6,29088,40,24,4116,9370,Benign
6,32249,29,24,2213,5882,Attack
6,28937,11,7,4583,4729,Benign
6,99368,14,7,8205,7970,Benign
6,61706,42,0,5551,8536,Benign
6,21839,10,12,4461,4714,Benign
6,84084,12,47,8335,2881,Benign
6,67528,12,30,9661,8876,Attack
6,76992,18,46,5511,7319,Attack
6,31426,48,16,316,874,Benign
6,30436,19,26,9889,4741,Attack
6,56295,9,17,663,7440,Benign
6,35222,6,21,9790,3200,Attack
6,96395,42,50,4313,3993,Attack
6,35901,10,39,4385,1694,Attack
6,73072,8,39,4555,3873,Attack
6,45375,40,50,198,4854,Benign
6,23753,11,32,4572,8253,Attack
6,18868,18,20,1794,2131,Benign
6,75154,20,0,4372,1027,Attack
6,30193,10,48,7521,8865,Attack
6,71651,13,33,9801,9803,Attack
6,60536,45,27,9239,5274,Benign
6,6666,46,32,7919,6361,Benign
6,73917,39,41,3094,7357,Attack
6,26196,39,23,4112,9205,Attack
6,20071,24,32,3495,6255,Benign
6,87315,20,35,7625,583,Attack
6,13786,28,16,5768,3640,Benign
6,64205,21,43,3909,886,Attack
6,69390,9,24,931,1581,Attack
6,25244,22,33,2834,7365,Attack
6,37904,29,0,5643,5016,Attack
6,71617,29,23,4269,5239,Attack
6,72922,11,17,1181,9305,Attack
6,69348,19,6,2567,7260,Attack
6,85051,5,2,3297,9035,Attack
6,23902,40,39,5828,2309,Benign
6,22762,32,26,7101,5307,Attack
6,19269,44,7,3179,7265,Attack
6,72717,2,9,7459,5685,Attack
6,37383,25,36,8638,3124,Attack
6,83292,5,21,5649,6593,Benign
6,47525,23,45,2213,595,Benign
6,75371,32,6,6845,6365,Benign
6,6149,12,26,7058,3421,Benign
6,90920,47,15,950,1973,Benign
6,93194,21,43,5716,5241,Benign
6,189,28,37,7396,136,Attack
6,47622,4,31,2204,657,Attack
6,74258,14,15,1018,6056,Attack
6,37261,47,37,6773,6724,Benign
6,64474,27,3,5997,7277,Benign
6,51023,9,38,3362,2718,Attack
6,27607,43,20,7522,4392,Attack
6,81321,15,38,3088,6604,Benign
6,47598,29,5,2058,7599,Benign
6,42099,26,43,4682,9497,Attack
6,59205,33,8,5188,8963,Attack
6,61383,44,27,7332,891,Attack
6,39875,27,50,3813,7553,Benign
6,69774,23,10,5138,7230,Attack
6,87162,40,21,3363,7333,Benign
6,92575,1,11,2184,979,Attack
6,52880,33,2,5493,9591,Benign
6,34049,46,13,1327,3061,Benign
6,93365,5,36,7081,6785,Attack
6,93851,40,6,4514,6824,Attack
6,47935,9,44,6308,3362,Attack
6,70451,37,4,3242,222,Benign
6,28290,26,25,3300,603,Attack
6,19432,42,30,8432,3895,Attack
6,65974,49,9,6695,9078,Benign
6,9232,34,47,9348,9868,Attack
6,63961,50,47,8829,3279,Attack
6,68026,6,41,4080,1359,Attack
6,68978,46,26,1870,6778,Benign
6,59713,46,47,4158,4765,Benign
6,9197,39,42,8210,4196,Attack
6,44373,36,6,5050,9818,Attack
6,45886,34,47,8548,7974,Benign
6,1521,39,9,8654,1899,Benign
6,98558,14,29,6105,8580,Attack
6,80709,11,39,6562,4432,Attack
6,60808,14,11,7192,6301,Attack
6,52818,41,9,6082,1737,Benign
6,9246,8,24,2408,3132,Benign
6,84779,9,4,892,4820,Benign
6,49693,7,38,147,6629,Attack
6,69191,45,26,5071,6770,Attack
6,25218,37,37,1177,9023,Attack
6,69940,33,1,2787,2250,Benign
6,83313,24,19,2137,8922,Attack
6,24572,38,1,7413,35,Benign
6,57317,46,8,1166,754,Attack
6,42828,22,6,7143,8605,Attack
6,20823,33,21,8276,5063,Benign
6,1560,13,22,2404,7817,Attack
6,67703,4,22,6792,8961,Benign
6,77127,8,36,5900,4481,Benign
6,60156,32,44,3634,2030,Attack
6,62140,21,50,9430,9734,Attack
6,45198,31,11,8385,1361,Attack
6,40954,22,13,5180,9853,Benign
6,67856,29,23,1206,7380,Benign
6,34857,45,1,8524,8197,Attack
6,7384,7,19,8259,876,Attack
6,21202,7,33,5987,4051,Attack
6,34447,6,28,7805,2895,Benign
6,55380,20,22,1159,7390,Attack
6,36549,36,1,6340,2904,Benign
6,82718,22,19,9093,3120,Benign
6,88076,45,17,1374,5238,Benign
6,54112,24,42,3266,6650,Attack
6,16673,27,39,2984,542,Benign
6,33305,39,28,7759,2619,Attack
6,18564,2,22,7437,3924,Attack
6,87886,31,20,1733,1339,Attack
6,44250,20,35,3632,5950,Benign
6,38205,30,18,9085,9186,Benign
6,91185,6,49,3072,8277,Benign
6,61504,31,21,8987,6180,Benign
6,89138,45,40,1580,2077,Benign
6,98258,19,27,4244,6228,Attack
6,66895,47,30,3159,2662,Attack
6,16888,15,36,3762,6181,Attack
6,84662,12,42,9975,2208,Benign
6,31512,49,20,5571,4856,Benign
6,87320,13,37,5585,559,Attack
6,38250,16,12,2027,6101,Benign
6,80563,16,40,6864,5646,Benign
6,12473,22,3,3675,4019,Benign
6,93193,25,0,6400,1637,Benign
6,48967,2,13,5084,7690,Attack
6,30013,7,45,8314,7790,Attack
6,30994,17,40,5740,4223,Benign
6,55014,29,10,8982,6164,Attack
6,53714,5,2,4992,7131,Attack
6,22149,41,43,7260,1762,Benign
6,87214,8,16,5811,9779,Attack
6,82063,42,15,1600,7473,Attack
6,39836,24,48,3493,5707,Benign
6,89668,8,41,9575,6288,Attack
6,99729,7,46,2126,645,Attack
6,21946,38,12,2438,6103,Benign
6,21037,36,27,7788,5254,Attack
6,32463,49,46,5657,1277,Benign
6,24727,27,18,6743,7651,Benign
6,16478,16,50,615,3570,Attack
6,48708,7,18,5036,1246,Attack
6,64026,6,9,178,243,Attack
6,62137,1,41,1755,7333,Attack
6,75029,7,34,1685,3784,Attack
6,38188,16,25,1702,1092,Benign
6,55288,41,37,5675,2499,Benign
6,74920,30,8,9798,7486,Benign
6,29759,19,25,2661,4717,Benign
6,78666,25,14,7496,9110,Attack
6,20239,38,13,6617,7314,Attack
6,6979,31,50,7097,5920,Benign
6,37718,17,46,3053,4075,Attack
6,37940,43,48,9812,3338,Attack
6,64799,11,6,2761,1673,Attack
6,84001,47,32,4022,1357,Attack
6,7306,26,17,9268,9467,Attack
6,44239,4,48,8281,8089,Benign
6,19292,33,43,4380,7335,Attack
6,56585,46,20,8815,2556,Benign
6,42858,48,49,996,2682,Attack
6,91554,48,39,6963,2261,Attack
6,34319,23,20,3853,2935,Benign
6,61886,50,50,6345,9029,Benign
6,63478,47,38,295,217,Attack
6,49622,27,43,2163,6318,Attack
6,28547,7,16,4998,9277,Benign
6,43686,18,9,9373,984,Attack
6,5464,2,35,4402,1672,Benign
6,96009,34,4,7028,6027,Benign
6,34434,33,38,3490,4781,Attack
6,52939,16,40,2379,9667,Benign
6,41347,2,18,9017,4303,Benign
6,70957,26,0,8362,378,Attack
6,21984,24,20,1007,6933,Attack
6,62307,36,45,7793,5771,Benign
6,68882,19,49,7306,2517,Attack
6,57805,7,7,4471,4303,Benign
6,84543,42,46,1556,739,Attack
6,9204,5,19,5677,8071,Attack
6,53277,8,12,9481,5346,Benign
6,6577,46,50,356,8108,Attack
6,79221,6,2,3759,1321,Benign
6,51054,1,13,6325,8653,Benign
6,19172,5,9,1720,8269,Attack
6,10880,36,26,4714,4319,Benign
6,82739,7,16,961,3058,Attack
6,85879,37,23,4448,8132,Attack
6,5487,32,15,7822,6905,Attack
6,56760,29,21,4689,7242,Attack
6,36845,45,20,1104,4175,Attack
6,1959,41,37,9011,3673,Attack
6,35761,31,42,2608,2274,Attack
6,65367,29,30,3020,2347,Benign
6,19718,41,41,8771,7473,Attack
6,39382,18,40,8338,3931,Attack
6,84687,17,25,3333,9066,Attack
6,55482,31,19,6481,9986,Attack
6,94945,30,16,963,511,Benign
6,130,30,44,7836,7670,Attack
6,86761,47,34,4157,997,Attack
6,71222,29,50,9707,2005,Benign
6,42481,11,40,7958,1928,Attack
6,94367,45,18,6330,5738,Benign
6,5188,6,10,2181,2761,Attack
6,11096,34,22,1650,6387,Attack
6,83770,4,26,9997,5818,Attack
6,75143,4,21,9120,4075,Benign
6,5075,10,19,2248,8742,Attack
6,30166,45,49,7887,8698,Attack
6,43434,33,5,796,3502,Attack
6,6155,43,38,9830,6481,Attack
6,27568,21,21,642,8615,Attack
6,10855,8,23,3416,4884,Benign
6,72508,34,24,8571,2036,Benign
6,48199,49,12,7573,7472,Benign
6,24772,13,40,9179,5828,Attack
6,53617,49,38,4316,4882,Benign
6,82908,32,31,5874,5037,Benign
6,64769,27,32,5429,2784,Benign
6,22267,22,7,8781,2859,Benign
6,8587,23,33,59,6943,Benign
6,82236,26,47,5344,7998,Attack
6,28751,29,27,6479,321,Benign
6,18055,4,17,5786,7488,Attack
6,35575,3,15,6001,775,Benign
6,28377,42,35,6897,9435,Benign
6,26898,38,23,5897,1091,Attack
6,24880,5,40,7067,5659,Benign
6,29290,21,39,8730,9572,Attack
6,29039,12,44,7224,2568,Attack
6,423,50,1,7122,5904,Attack
6,52096,6,4,4824,9294,Benign
6,8332,22,11,1458,8216,Attack
6,25901,36,17,239,7904,Benign
6,89126,36,47,5956,4642,Benign
6,74752,48,16,4134,1189,Benign
6,65591,22,46,6371,8546,Benign
6,14651,24,12,7951,4891,Benign
6,22028,26,8,9846,7823,Attack
6,13226,32,9,6684,4592,Benign
6,7742,33,50,6242,7307,Benign
6,42448,45,3,543,8161,Benign
6,59209,10,31,3118,8704,Benign
6,39258,17,11,8586,3435,Attack
6,76394,11,27,174,5070,Attack
6,10015,48,1,9027,5722,Benign
6,15768,12,37,8427,7805,Benign
6,70811,9,49,136,6644,Attack
6,35649,47,34,2220,9724,Benign
6,35093,7,37,6399,5823,Attack
6,45903,22,49,611,1640,Attack
6,7025,29,43,2561,2135,Attack
6,29822,24,13,3855,7681,Benign
6,6419,38,24,7355,3708,Benign
6,33927,16,50,6362,4205,Attack
6,74065,3,8,6543,4864,Benign
6,4998,4,45,2576,4938,Attack
6,27679,13,8,1351,8968,Benign
6,69864,41,22,5591,6008,Benign
6,42179,42,44,8093,8508,Attack
6,81738,29,19,4069,981,Attack
6,36764,42,17,7648,8840,Benign
6,10671,39,32,1487,3130,Attack
6,46375,12,38,7201,591,Attack
6,87999,20,27,4906,4532,Benign
6,44728,16,45,7788,5075,Benign
6,39432,31,2,5668,1752,Attack
6,55235,15,23,1167,1034,Attack
6,32151,26,38,9623,5748,Benign
6,57245,7,33,410,1614,Attack
6,27977,12,5,8622,2302,Benign
6,67046,12,26,4729,2169,Benign
6,64850,48,21,7285,1519,Attack
6,37805,2,41,4746,6712,Attack
6,51419,30,16,2705,204,Attack
6,83069,49,44,9287,2316,Benign
6,66018,7,1,946,4333,Attack
6,33006,44,28,3449,5785,Benign
6,97466,39,1,8828,8673,Attack
6,11773,32,15,2525,9677,Attack
6,15642,4,3,1526,6250,Benign
6,13460,6,20,8050,6631,Attack
6,74598,40,8,2156,4340,Benign
6,56040,28,19,6257,9267,Attack
6,20458,6,49,8081,9658,Attack
6,2933,9,34,145,5032,Attack
6,60876,41,4,7668,9620,Benign
6,39936,18,19,5804,5386,Benign
6,15615,47,48,6768,4203,Benign
6,62264,48,36,2527,8160,Attack
6,3738,34,15,8955,3127,Benign
6,88676,5,9,98,533,Attack
6,77027,7,46,7899,6235,Attack
6,10060,22,41,1776,5255,Benign
6,22262,46,35,8980,462,Attack
6,40317,14,1,7358,4622,Attack
6,36604,11,8,8854,5652,Benign
6,79188,6,6,58,2267,Benign
6,84559,50,10,6550,3331,Attack
6,63556,50,3,4040,8709,Benign
6,96650,9,20,2835,3339,Attack
6,98777,7,44,8481,6374,Benign
6,82628,13,36,6611,3457,Benign
6,51488,44,22,3721,4209,Benign
6,36713,2,35,820,6621,Attack
6,90762,18,31,5917,3312,Attack
6,63629,35,9,7469,457,Attack
6,14598,22,1,7696,6910,Attack
6,79181,44,24,5695,7971,Attack
6,71081,27,18,608,7914,Attack
6,70697,18,36,5968,8883,Attack
6,22678,12,38,5839,7095,Benign
6,92365,29,30,6191,2231,Benign
6,68154,44,36,7023,5341,Benign
6,65430,21,13,4386,810,Attack
6,75562,1,30,8671,3320,Benign
6,69138,26,33,8973,802,Attack
6,92127,16,49,9152,6810,Benign
6,66501,50,9,1849,45,Attack
6,2975,39,13,4774,5548,Attack
6,18865,36,1,60,2743,Benign
6,68819,14,7,4902,8270,Attack
6,64162,13,0,3881,8678,Benign
6,10322,27,16,7545,2178,Benign
6,68268,35,5,7997,3274,Attack
6,12415,36,40,5960,9270,Attack
6,66039,8,42,5653,1761,Benign
6,85844,36,2,6936,1265,Benign
6,33485,39,22,8508,4352,Attack
6,42101,26,24,5871,3144,Attack
6,312,38,1,5564,6696,Benign
6,75142,28,48,5912,6337,Benign
6,78931,23,6,1794,1322,Attack
6,61479,19,33,6748,4513,Benign
6,84813,50,47,3485,1080,Benign
6,90257,43,26,6630,3733,Attack
6,86968,34,21,5140,5779,Benign
6,64981,28,26,904,7078,Benign
6,94111,34,15,4905,358,Attack
6,85047,40,36,3757,4581,Attack
6,48107,22,27,2614,4116,Benign
6,68910,40,40,3319,1135,Benign
6,59308,24,12,5027,6928,Attack
6,24997,20,43,8856,6815,Attack
6,52947,34,32,4117,8257,Attack
6,47631,21,7,3401,2154,Attack
6,34272,15,18,2851,812,Attack
6,23880,31,2,5260,6094,Attack
6,15090,6,30,2336,2519,Benign
6,20167,9,47,4108,179,Benign
6,9559,23,10,7742,820,Benign
6,33043,29,15,1017,5265,Attack
6,11518,16,21,9752,578,Attack
6,29732,1,43,26,6890,Attack
6,71580,14,48,8937,9378,Benign
6,30195,23,41,7836,1642,Benign
6,30912,19,28,6787,1846,Benign
6,18140,12,9,5672,2164,Benign
6,77564,47,35,1609,550,Attack
6,77052,42,5,7567,8688,Attack
6,44154,33,6,9228,8105,Benign
6,84587,13,12,3676,8026,Attack
6,71250,45,36,6233,7945,Attack
6,83707,36,16,7596,5123,Attack
6,80358,17,37,809,9496,Benign
6,52477,14,34,108,4526,Attack
6,8472,22,22,5094,5757,Benign
6,79286,12,38,6027,1271,Benign
6,38499,5,11,3104,5071,Attack
6,43227,47,25,1292,7491,Attack
6,64240,4,43,5808,2103,Attack
6,21806,27,0,5696,9723,Benign
6,96785,28,26,7430,1211,Attack
6,98695,50,5,4144,847,Attack
6,29063,39,44,647,3983,Attack
6,35805,8,14,6591,5045,Attack
6,54441,15,35,9729,9291,Benign
6,22127,8,25,6679,8759,Benign
6,17217,12,16,3416,7049,Benign
6,34499,29,41,6900,8909,Benign
6,93080,44,5,2465,7171,Attack
6,21333,34,4,860,6340,Attack
6,19518,35,27,1336,3987,Attack
6,77468,34,8,9256,2671,Benign
6,26435,16,28,5504,4206,Benign
6,66670,2,37,6792,1012,Benign
6,34519,26,40,189,7304,Attack
6,90997,8,8,1383,9837,Attack
6,11043,19,27,6812,9952,Attack
6,60739,20,39,8743,6877,Attack
6,46490,48,29,953,8863,Benign
6,55002,6,5,7401,8900,Benign
6,5893,5,29,1015,1419,Attack
6,52571,20,6,4624,687,Attack
6,38149,37,50,741,2655,Attack
6,76004,7,27,9779,7241,Benign
6,98774,12,20,2634,5419,Attack
6,10232,43,7,6131,783,Benign
6,13385,30,5,6610,4033,Attack
6,16514,39,11,7983,3768,Attack
6,73557,46,4,1001,21,Attack
6,83764,13,34,3799,5497,Attack
6,28282,14,48,5835,3811,Benign
6,33807,26,21,6962,6378,Benign
6,42382,39,18,2778,3496,Benign
6,50204,4,9,6346,9996,Attack
6,49199,1,43,5318,2326,Benign
6,54827,4,1,2563,9548,Benign
6,5544,30,13,1283,8044,Attack
6,55161,12,14,1494,6964,Benign
6,39093,39,1,4908,3496,Attack
6,16210,29,38,1663,7720,Benign
6,35252,40,8,2808,5883,Benign
6,44671,31,26,9097,5318,Attack
6,70005,50,24,9663,401,Attack
6,99311,41,34,9349,4305,Attack
6,55825,27,46,818,8577,Benign
6,26139,3,40,3265,5239,Attack
6,86889,24,19,1935,947,Attack
6,62903,24,4,6294,3432,Benign
6,36600,39,29,6713,7716,Attack
6,85382,39,39,9318,4123,Attack
6,2434,3,3,3140,9434,Attack
6,68146,10,3,9238,8951,Attack
6,65586,43,7,337,327,Attack
6,86562,46,30,4008,592,Benign
6,13251,21,19,4857,8617,Benign
6,74698,6,4,8307,5038,Benign
6,19817,47,15,7435,8092,Benign
6,5544,30,17,155,982,Benign
6,12615,41,1,9689,3835,Attack
6,94002,48,44,4384,69,Benign
6,27136,19,34,8811,3319,Benign
6,88047,38,25,2517,9391,Benign
6,72264,15,19,2200,5907,Benign
6,97737,40,45,1575,9650,Attack
6,14612,18,19,2127,4676,Attack
6,2049,4,11,6155,5720,Benign
6,68536,7,35,1513,2880,Attack
6,48433,39,10,1891,128,Attack
6,1240,19,40,3236,3170,Attack
6,11687,33,12,6770,707,Attack
6,78489,22,32,9870,9790,Attack
6,72327,34,11,4577,3950,Attack
6,24610,5,25,4225,8192,Attack
6,29515,1,11,1012,6325,Attack
6,69991,34,6,1462,5120,Attack
6,83960,33,4,788,5647,Benign
6,61212,44,16,6090,155,Attack
6,1415,39,42,4751,6869,Benign
6,15338,45,47,9592,8826,Attack
6,80471,34,16,3742,3345,Benign
6,10390,45,37,1292,9001,Attack
6,34267,6,21,8382,5416,Attack
6,44825,26,1,7480,2256,Attack
6,91419,37,32,5043,1871,Attack
6,77652,11,18,89,9215,Benign
6,17542,22,12,9958,3647,Attack
6,477,45,3,80,2157,Benign
6,97128,45,41,3810,1136,Benign
6,12215,16,26,2996,8228,Benign
6,28400,47,37,1999,9008,Attack
6,39592,33,44,1041,8974,Attack
6,59652,34,12,98,809,Attack
6,55104,30,33,9696,7791,Attack
6,85241,1,35,6493,5728,Attack
6,83400,22,16,2300,3383,Attack
6,21162,35,48,3998,7303,Benign
6,98815,48,48,6811,1166,Attack
6,75032,34,29,6695,11,Attack
6,74136,9,22,3280,7560,Attack
6,92810,35,31,4374,3958,Benign
6,11677,13,11,9946,4518,Attack
6,10091,50,50,5441,895,Benign
6,70684,3,29,5277,1217,Benign
6,44041,1,23,8519,214,Attack
6,32065,38,3,9350,6020,Attack
6,52426,31,5,2392,4530,Benign
6,22650,8,21,6429,1010,Benign
6,35879,30,38,7121,1767,Benign
6,47891,17,13,7635,7706,Attack
6,78499,27,27,7109,493,Benign
6,14270,6,24,9210,7495,Benign
6,72613,29,20,1836,5464,Attack
6,80898,26,7,1643,240,Benign
6,14064,24,41,5447,5679,Benign
6,2084,25,15,4847,3555,Benign
6,34543,23,13,1104,803,Attack
6,93249,18,38,5106,5418,Attack
6,8702,4,39,2958,4596,Benign
6,6454,17,43,5015,3619,Attack
6,25974,36,15,8539,7696,Attack
6,67171,14,1,8006,7465,Attack
6,72259,28,31,2026,6486,Benign
6,7398,25,3,3019,2951,Benign
6,9837,48,6,4168,317,Benign
6,35740,24,16,462,957,Benign
6,77207,28,4,8660,6114,Benign
6,52778,8,25,3992,5375,Benign
6,89788,36,40,6842,2013,Attack
6,930,11,34,2374,9348,Benign
6,99564,38,40,6688,9602,Benign
6,51647,37,30,1158,9606,Attack
6,25592,48,26,9402,4452,Attack
6,17865,38,35,2074,245,Attack
6,22829,22,8,7235,5047,Attack
6,29512,49,31,9529,6339,Benign
6,83534,14,12,8597,6823,Attack
6,31567,15,33,9762,6269,Benign
6,54635,23,42,167,2033,Attack
6,43310,23,28,5159,7507,Benign
6,88635,28,12,1828,6775,Attack
6,99204,50,4,5465,8544,Attack
6,62804,5,48,4543,9098,Attack
6,64466,25,11,9417,3840,Attack
6,90679,50,40,3773,8457,Attack
6,21653,20,0,7211,5931,Attack
6,23749,2,35,3871,9068,Benign
6,87264,39,49,4754,557,Benign
6,95420,7,17,2586,8856,Attack
6,77962,45,27,7679,9651,Benign
6,27962,45,44,2490,2265,Benign
6,99389,41,46,9481,9160,Benign
6,55970,11,14,7864,5155,Benign
6,81805,44,18,8080,6612,Attack
6,71364,36,38,7942,3904,Attack
6,71165,25,41,4715,1828,Benign
6,5899,36,15,4690,921,Attack
6,45241,3,7,2621,9580,Benign
6,16517,1,29,9907,1502,Attack
6,2547,38,10,5936,5977,Benign
6,9363,25,36,1118,998,Attack
6,83206,42,26,380,4719,Benign
6,75265,16,11,2530,5891,Attack
6,43739,22,30,5730,4228,Attack
6,28467,5,9,5124,4986,Attack
6,70188,1,45,9793,8089,Attack
6,49307,13,19,8051,2100,Benign
6,99772,25,45,9653,1923,Benign
6,14218,28,45,3412,6593,Benign
6,55477,39,8,7530,6164,Benign
6,25265,31,14,7468,210,Benign
6,13257,8,3,6133,2443,Benign
6,71020,34,50,339,1237,Attack
6,91699,17,18,1688,3523,Attack
6,37614,47,12,8074,1498,Benign
6,49108,20,45,6084,1506,Benign
6,12536,26,47,9882,1824,Benign
6,1262,36,15,7696,1050,Attack
6,6002,6,39,9161,1529,Benign
6,92991,14,31,1474,9851,Benign
6,90070,31,17,6375,1540,Benign
6,67254,20,45,7186,3808,Attack
6,82347,13,2,9595,3860,Benign
6,62231,7,34,3207,4597,Benign
6,90142,6,31,9027,540,Attack
6,29245,35,39,1745,8742,Benign
6,4828,19,9,13,4954,Benign
6,94915,19,48,3629,5594,Benign
6,61760,2,36,5730,3499,Benign
6,35457,15,15,9864,5633,Attack
6,96204,24,20,1570,1891,Attack
6,9238,27,1,573,1812,Attack
6,70887,5,14,2198,2817,Attack
6,65761,26,38,6610,9084,Benign
6,75717,20,3,8698,1132,Benign
6,64611,44,39,1419,4692,Benign
6,19029,36,46,4408,6224,Attack
6,28387,21,20,5055,4687,Attack
6,26140,26,18,2417,4467,Benign
6,22451,20,12,4896,1164,Benign
6,81289,34,40,4645,2079,Benign
6,69902,36,30,7045,2366,Attack
6,36850,30,29,7388,700,Attack
6,8114,47,6,5400,5941,Benign
6,26777,39,1,2497,2364,Benign
6,40326,7,9,2132,3066,Benign
6,78947,1,48,779,5932,Benign
6,90723,11,42,7465,3512,Benign
6,64603,41,15,2792,3814,Benign
6,40636,9,10,3498,6437,Attack
6,50790,1,7,3072,4484,Benign
6,78997,21,37,5047,714,Benign
6,12890,6,40,3952,8749,Benign
6,4824,34,0,2718,6665,Benign
6,99352,41,22,5217,8885,Benign
6,75343,48,10,4661,1752,Benign
6,2888,17,47,4761,1590,Benign
6,14286,39,22,6748,9347,Benign
6,86279,29,3,1026,9219,Benign
6,5135,31,37,4737,9995,Attack
6,6291,12,12,5051,5717,Benign
6,8945,41,12,4450,6967,Benign
6,4685,8,48,1418,5822,Benign
6,36879,44,17,8402,9340,Attack
6,90569,18,33,1936,9827,Benign
6,68594,16,28,4220,2132,Benign
6,97265,14,12,9725,5310,Attack
6,93063,50,3,1104,2500,Attack
6,61881,43,24,2431,4405,Benign
6,9760,22,1,7974,5294,Attack
6,19918,12,37,7364,1194,Benign
6,13936,42,7,1861,198,Attack
6,89557,20,45,3151,8998,Attack
6,65745,11,21,2751,1737,Attack
6,52874,17,10,7809,3498,Attack
6,93646,44,14,1260,8346,Benign
6,39294,41,22,816,8877,Benign
6,99678,50,0,3675,211,Benign
6,94987,15,41,8537,9376,Benign
6,16365,12,7,7654,6624,Attack
6,43426,30,48,4382,2190,Benign
6,53267,2,24,2825,2958,Benign
6,47063,45,50,1147,4217,Benign
6,41415,15,13,2282,1271,Benign
6,83925,3,20,1727,4724,Benign
6,25340,39,30,91,6104,Attack
6,16041,40,7,9012,6207,Benign
6,23867,39,0,5952,29,Benign
6,60233,3,30,8379,734,Attack
6,97565,27,8,5107,7631,Attack
6,94704,47,35,7198,7180,Benign
6,69064,1,49,1611,2339,Attack
6,15586,37,34,2925,835,Attack
6,93593,11,18,8336,4095,Attack
6,90236,40,21,9395,4341,Attack
6,34015,23,6,3219,9342,Attack
6,45648,27,6,1615,3844,Benign
6,2119,22,0,3789,4848,Benign
6,23727,43,40,9929,6628,Benign
6,1494,45,4,7281,2075,Benign
6,28842,7,6,2032,5359,Attack
6,2131,42,14,8676,4951,Attack
6,69322,23,23,3686,4450,Benign
6,31099,32,21,8590,7345,Benign
6,77527,18,12,9725,7994,Benign
6,36990,44,11,5496,127,Benign
6,664,19,1,9117,8186,Benign
6,59622,37,30,5399,1569,Benign
6,16340,31,10,3953,8953,Attack
6,2063,25,27,3044,6573,Attack
6,78961,2,7,5204,3410,Attack
6,85522,23,7,6582,6838,Attack
6,18132,14,14,3178,7437,Attack
6,60794,21,31,2292,9048,Benign
6,33305,9,46,4931,3804,Attack
6,90705,30,43,1480,9447,Attack
6,47678,9,24,6076,6638,Attack
6,57900,43,30,9689,724,Benign
6,1219,39,45,2118,8586,Benign
6,39780,42,31,4110,8095,Benign
6,92571,41,7,3590,9004,Benign
6,82058,24,26,8190,1858,Benign
6,5864,27,13,8060,6810,Attack
6,421,34,36,9214,398,Benign
6,13450,45,26,2323,4472,Benign
6,14403,12,26,7688,1824,Benign
6,58768,30,29,2210,4867,Attack
6,45898,43,4,147,2104,Benign
6,67583,29,0,2846,800,Benign
6,19144,7,42,8434,9067,Attack
6,31724,33,46,2196,3507,Benign
6,11105,36,22,8812,6886,Benign
6,27878,47,11,6377,1369,Benign
6,18948,16,42,8824,2728,Benign
6,40346,20,12,9637,2215,Benign
6,64593,26,44,6077,4004,Attack
6,35576,39,28,2686,4376,Attack
6,59202,27,29,7444,2114,Benign
6,11639,4,19,3211,240,Attack
6,82699,14,44,6907,9120,Benign
6,83197,10,6,7977,8643,Attack
6,42849,12,36,8272,2428,Attack
6,8591,27,17,9345,9869,Attack
6,67836,31,3,5325,1966,Benign
6,84481,10,37,4836,7416,Benign
6,81827,34,25,7888,1106,Benign
6,67627,32,27,3864,7981,Benign
6,64423,23,24,5563,4451,Attack
6,63423,42,13,2678,1322,Attack
6,19971,19,49,6124,340,Benign
6,56101,13,41,9530,5107,Benign
6,44747,21,49,1095,2870,Attack
6,7083,16,16,9628,2690,Attack
6,57677,3,36,3267,8660,Attack
6,17687,15,5,6034,707,Benign
6,19462,36,10,6859,7865,Benign
6,62278,33,8,2974,9618,Benign
6,86956,47,16,2489,4412,Attack
6,74916,33,49,8304,2420,Attack
6,86599,26,27,4216,7994,Attack
6,69421,20,19,4602,1470,Benign
6,46081,25,9,147,9611,Benign
6,12293,28,14,8823,3166,Benign
6,17100,37,10,8099,9649,Benign
6,11521,37,23,3842,6842,Attack
6,17875,17,40,1586,1119,Attack
6,68549,3,44,8973,9389,Benign
6,82463,37,1,8726,4978,Attack
6,65936,3,6,2185,479,Benign
6,5661,47,9,8269,9655,Attack
6,69470,8,5,6781,3171,Benign
6,52385,7,4,1834,2627,Benign
6,61619,10,35,2953,2933,Attack
6,47686,29,11,1266,4860,Attack
6,42078,19,9,9384,2311,Benign
6,97105,32,34,6852,6057,Attack
6,39619,8,19,279,7394,Attack
6,43065,26,0,5318,4679,Benign
6,3670,46,13,8584,4375,Attack
6,78881,43,30,944,7468,Attack
6,30716,20,35,643,6096,Benign
6,76398,1,8,7565,7610,Benign
6,75823,49,1,3688,4700,Attack
6,44472,25,8,4674,3960,Benign
6,16984,40,27,1035,7931,Benign
6,68662,29,0,3398,6598,Attack
6,20077,24,49,6871,5215,Benign
6,15492,22,32,6033,72,Attack
6,14670,44,10,5843,1190,Attack
6,13742,17,33,6550,7670,Benign
6,46671,34,47,7956,2238,Attack
6,97365,31,23,6606,4470,Attack
6,11248,19,8,9782,2186,Attack
6,57369,18,19,1512,1262,Attack
6,564,39,34,2881,9853,Attack
6,79177,49,16,8181,800,Attack
6,29652,18,35,5104,7259,Attack
6,34067,41,26,4604,62,Attack
6,43959,1,11,441,390,Attack
6,35910,8,6,564,3512,Benign
6,48368,36,8,6762,1184,Benign
6,8862,26,47,4924,796,Attack
6,47913,31,13,6268,2539,Attack
6,47814,29,50,3249,4673,Attack
6,45795,25,31,1983,1574,Benign
6,18381,30,28,1933,3904,Attack
6,46309,25,24,9188,4653,Benign
6,94139,19,18,9643,1163,Attack
6,41817,12,32,480,2524,Attack
6,34672,19,2,3873,9250,Benign
6,7285,26,33,5441,159,Benign
6,32183,28,9,2630,7419,Benign
6,76469,49,39,6094,240,Attack
6,24497,16,24,8241,2861,Attack
6,18045,21,8,3194,60,Benign
6,58784,18,34,8376,6589,Attack
6,51376,1,7,4075,1132,Attack
6,53889,50,39,4228,6986,Benign
6,25180,44,31,1164,1403,Benign
6,57031,10,11,3800,9847,Benign
6,22902,6,29,5037,9008,Attack
6,78609,18,9,3663,399,Benign
6,53362,34,11,9257,7372,Benign
6,90767,36,46,5233,2934,Benign
6,49779,42,17,7336,3031,Attack
6,18137,40,15,3626,1332,Benign
6,70736,40,22,7684,673,Attack
6,28929,29,40,5208,4889,Attack
6,33768,9,50,5385,9867,Benign
6,23482,39,22,5009,3401,Benign
6,77955,3,47,6524,3077,Benign
6,51298,12,38,4012,1646,Benign
6,57321,48,9,855,9209,Attack
6,64147,44,21,2078,6110,Benign
6,44750,9,34,1511,5235,Benign
6,66996,23,42,86,3126,Benign
6,94007,48,24,2382,567,Benign
6,76680,37,38,5252,9600,Benign
6,95673,15,42,8741,9284,Attack
6,66947,22,25,287,6029,Attack
6,83282,7,39,5065,1858,Attack
6,63625,1,10,3446,120,Attack
6,26515,5,46,686,5551,Attack
6,24306,34,31,6234,5361,Benign
6,82594,45,32,1615,924,Benign
6,46928,25,23,1888,975,Benign
6,20854,47,46,9660,6731,Benign
6,49350,29,47,6391,6701,Attack
6,71835,30,6,4335,7289,Attack
6,41336,31,43,4133,9812,Attack
6,11211,31,12,5853,2524,Attack
6,35339,34,30,682,11,Attack
6,96613,26,44,8780,4686,Attack
6,13738,35,26,8237,7087,Attack
6,43593,36,1,5929,1559,Benign
6,72439,40,21,2129,7348,Attack
6,82139,2,28,4975,4619,Attack
6,58088,37,38,9453,5837,Attack
6,22479,39,42,742,159,Benign
6,54883,38,44,7234,267,Benign
6,45705,27,0,9802,6209,Benign
6,52851,14,14,5862,2183,Attack
6,9513,16,13,7888,7162,Attack
6,1951,10,42,7286,1007,Attack
6,39046,29,16,5135,1158,Benign
6,2625,24,9,2280,198,Attack
6,69505,30,16,3034,6486,Attack
6,931,5,33,8820,2291,Benign
6,79419,12,46,9207,3552,Attack
6,10977,47,11,5303,6433,Benign
6,97585,33,14,8309,7757,Attack
6,51116,48,45,4261,4040,Benign
6,53665,47,39,4197,4611,Benign
6,29812,16,5,3556,728,Benign
6,46236,2,10,864,746,Attack
6,74905,34,38,7871,2645,Benign
6,25562,47,9,6273,2061,Benign
6,98817,34,41,7971,7733,Benign
6,79207,19,38,8607,8321,Attack
6,9838,2,50,6251,6973,Attack
6,607,35,15,5970,4023,Benign
6,87736,36,7,32,8057,Benign
6,10448,4,35,6794,1979,Attack
6,3555,20,21,4901,4147,Attack
6,36031,43,28,8035,7145,Benign
6,79262,47,36,991,7824,Attack
6,80511,21,27,9381,5207,Attack
6,95618,24,49,1371,2816,Benign
6,73494,26,6,1508,488,Attack
6,66428,9,37,3861,5582,Attack
6,76511,25,22,2548,1006,Benign
6,92996,5,45,5356,6071,Benign
6,84216,41,8,1253,9355,Benign
6,25095,3,28,446,1710,Attack
6,72411,33,31,9965,8445,Attack
6,70194,37,7,9911,8211,Benign
6,44937,28,40,3209,3258,Attack
6,80873,11,46,6511,6330,Attack
6,66619,39,37,3425,9200,Benign
6,90187,36,1,419,4358,Attack
6,98631,17,36,1292,3190,Benign
6,92440,45,41,2321,9852,Attack
6,21165,48,35,9593,7488,Benign
6,16544,15,4,5996,4525,Benign
6,7334,31,21,6675,4253,Benign
6,24227,4,50,6832,3123,Benign
6,8810,7,20,5771,5594,Benign
6,92230,22,46,2204,2556,Attack
6,61410,36,11,7565,5196,Attack
6,42536,11,31,6777,7339,Attack
6,93171,14,30,8643,4849,Benign
6,11258,22,42,9120,7061,Benign
6,95778,20,1,7488,2143,Benign
6,1890,48,1,2267,3196,Attack
6,8872,36,26,6299,9485,Benign
6,24094,13,2,4371,3675,Benign
6,69306,24,4,8951,7051,Benign
6,30459,17,5,5734,3401,Attack
6,67556,5,17,8675,2154,Benign
6,69950,2,20,1797,9838,Attack
6,50825,45,1,6202,6678,Attack
6,16496,17,25,5538,3559,Benign
6,39080,17,29,9676,3990,Benign
6,58089,10,18,2397,3234,Benign
6,60065,48,43,6013,5545,Benign
6,96262,6,1,5076,1495,Benign
6,54831,36,39,8381,3107,Benign
6,2168,12,43,3868,6351,Attack
6,23602,29,39,3377,139,Benign
6,75099,19,37,2574,4906,Benign
6,88744,29,1,891,6136,Attack
6,51576,25,31,1619,1320,Attack
6,56484,8,19,2588,4202,Benign
6,45575,14,8,2242,5331,Attack
6,75377,8,9,634,2502,Benign
6,97642,47,30,2563,2273,Attack
6,46086,14,5,8835,9653,Benign
6,93820,31,0,787,1919,Attack
6,15850,43,5,6324,4868,Attack
6,16418,39,14,8124,4023,Attack
6,47054,37,10,1829,8542,Benign
6,72172,34,11,4675,1651,Attack
6,53455,41,36,8087,9008,Attack
6,97188,43,16,274,614,Benign
6,69700,45,2,1906,6030,Benign
6,30742,3,46,551,699,Attack
6,32800,35,50,3171,2372,Attack
6,89897,27,10,2530,4619,Benign
6,26682,2,16,4287,369,Benign
6,32262,17,23,7691,355,Benign
6,59110,1,15,6442,3112,Benign
6,15107,23,18,7900,9663,Attack
6,23107,37,28,7439,7075,Attack
6,52981,9,28,7725,3987,Benign
6,85651,31,16,1291,5622,Attack
6,12019,49,18,390,5349,Benign
6,5598,10,33,3982,2886,Attack
6,75021,39,6,1480,1130,Attack
6,84189,17,2,9854,3758,Attack
6,18508,28,29,819,8026,Benign
6,2329,13,45,5248,3200,Benign
6,86148,31,33,4667,1055,Benign
6,70917,44,27,9477,2465,Benign
6,79294,38,10,5438,9759,Attack
6,24186,49,12,9601,2815,Benign
6,64847,19,12,7466,8464,Benign
6,10417,22,7,1680,1136,Benign
6,59071,37,41,8253,8664,Benign
6,95870,21,30,582,9271,Attack
6,67793,33,47,6460,7960,Attack
6,12017,41,7,7583,6839,Attack
6,99688,43,4,1128,6486,Attack
6,74435,13,47,8628,2963,Benign
6,65173,37,32,6444,265,Attack
6,61124,2,6,9253,761,Benign
6,84744,24,1,7286,5170,Attack
6,932,17,37,4107,3660,Attack
6,57312,45,13,7966,2738,Benign
6,10451,28,18,8430,2110,Benign
6,69420,30,18,4502,85,Benign
6,509,18,2,8702,7926,Attack
6,97528,18,26,7452,1767,Benign
6,96970,18,23,1697,3004,Benign
6,48489,31,46,6882,3475,Attack
6,15052,28,20,3713,466,Attack
6,15407,20,30,186,1965,Attack
6,37249,39,24,6314,577,Attack
6,52982,50,31,3959,967,Attack
6,4181,22,18,5458,9705,Attack
6,65769,24,25,5222,9347,Benign
6,97551,28,12,8986,1528,Attack
6,61743,27,50,1659,4826,Benign
6,37598,10,38,8714,5063,Attack
6,48679,43,0,6396,9368,Attack
6,8147,2,14,75,544,Attack
6,66715,43,21,3012,6894,Benign
6,47461,47,33,7136,224,Attack
6,60809,48,43,8281,9298,Attack
6,16224,7,34,9074,6310,Attack
6,24188,22,16,9,6295,Attack
6,93341,7,50,1438,4621,Benign
6,83144,18,42,7749,4179,Benign
6,59360,30,6,2076,3145,Attack
6,10766,42,23,7050,898,Benign
6,21882,7,35,8334,6771,Attack
6,84677,18,42,7301,2136,Benign
6,87040,21,25,6668,2874,Attack
6,53087,5,27,8469,9632,Attack
6,81407,20,25,3891,2952,Benign
6,99812,35,2,5400,5266,Benign
6,28908,4,3,2705,2989,Attack
6,75114,30,2,7140,2433,Attack
6,27342,49,40,6025,8424,Attack
6,48726,4,26,5845,1616,Attack
6,44890,14,5,9839,1752,Benign
6,49618,33,35,1354,5496,Benign
6,65209,6,10,4678,5864,Benign
6,42571,38,20,8993,2956,Attack
6,2938,29,44,3702,1176,Attack
6,60474,13,27,9370,1792,Attack
6,65641,50,16,3298,3733,Attack
6,89654,44,6,381,2208,Attack
6,7373,49,45,167,6660,Benign
6,62584,11,49,5414,7898,Benign
6,52885,27,46,8455,3131,Attack
6,82106,8,42,6897,9864,Benign
6,69465,29,9,6170,5165,Benign
6,57661,15,33,9110,2013,Attack
6,46097,15,2,9785,2978,Attack
6,50957,23,12,5879,9696,Benign
6,25632,18,50,8844,6511,Attack
6,44430,11,42,9039,4377,Attack
6,82670,40,23,7552,5702,Benign
6,83077,47,14,7175,7501,Benign
6,32192,19,42,9489,8460,Benign
6,92169,19,49,9991,4576,Attack
6,3942,28,46,225,5804,Attack
6,6930,18,31,6204,2087,Attack
6,20432,1,47,2834,4763,Benign
6,43179,46,37,9592,3573,Attack
6,52554,5,17,7722,5198,Benign
6,85655,33,23,8811,1606,Benign
6,33657,9,14,7130,7234,Attack
6,59636,10,42,9162,5456,Attack
6,7801,48,12,8545,3357,Attack
6,71777,14,15,8576,5644,Benign
6,47657,23,16,6563,5899,Attack
6,17763,41,15,797,9960,Attack
6,13211,29,6,5119,1919,Benign
6,24907,26,20,7753,9913,Benign
6,78481,43,5,8667,5690,Benign
6,24325,35,47,6963,8691,Benign
6,47670,40,27,7999,4446,Attack
6,85752,28,20,3722,4060,Attack
6,90877,35,40,3665,6507,Benign
6,34604,14,9,4643,9416,Benign
6,66765,43,16,8789,6463,Benign
6,67513,25,38,3665,3790,Benign
6,69980,20,40,547,3916,Benign
6,9019,5,9,5195,5032,Attack
6,66743,20,17,6156,9096,Benign
6,42428,44,9,2473,3120,Attack
6,77344,7,45,479,8463,Attack
6,72201,21,2,2149,212,Benign
6,71928,39,10,6836,5735,Attack
6,44461,33,21,1207,6067,Benign
6,65037,30,2,3885,3309,Attack
6,25102,5,27,7685,3716,Attack
6,29032,22,12,3848,824,Attack
6,9580,17,38,5495,1257,Attack
6,13853,1,1,3490,2968,Attack
6,91668,50,14,5808,5936,Attack
6,69743,1,9,6883,4281,Attack
6,943,43,27,8140,8107,Attack
6,58382,30,41,939,947,Attack
6,63927,8,39,7246,7607,Benign
6,39591,31,21,4559,1076,Benign
6,76988,46,44,548,9124,Benign
6,93369,24,22,563,4416,Benign
6,19083,2,33,2840,6662,Benign
6,93894,47,47,5494,2755,Benign
6,64320,31,11,9305,7878,Attack
6,86177,26,50,805,9144,Attack
6,53735,2,48,4560,2745,Benign
6,30017,35,1,8975,4642,Attack
6,51236,13,24,7324,3440,Attack
6,51021,22,2,7912,8989,Benign
6,15655,10,41,2253,1420,Benign
6,94635,31,2,7425,9225,Benign
6,72652,32,27,5289,4928,Benign
6,69423,28,44,6516,9364,Benign
6,78370,42,31,9374,9541,Benign
6,22548,22,40,4467,4529,Attack
6,11266,40,27,7360,5997,Attack
6,32995,16,44,2686,7379,Benign
6,10638,36,26,8187,2078,Attack
6,31776,27,46,4817,6080,Benign
6,88635,15,20,7111,9583,Benign
6,4402,14,35,3774,3998,Attack
6,282,42,27,1222,7347,Attack
6,10253,29,25,6760,169,Benign
6,20331,4,4,6951,2403,Benign
6,74877,2,27,8941,712,Benign
6,84089,17,23,4686,9262,Benign
6,35667,42,49,3085,94,Attack
6,8937,31,20,6330,5580,Attack
6,48944,46,2,4669,6539,Benign
6,28833,1,29,1888,1851,Benign
6,43371,38,39,4290,3732,Benign
6,23069,45,12,946,7922,Benign
6,54148,27,29,7674,6864,Benign
6,47067,43,1,1441,8378,Attack
6,40698,24,50,6635,3299,Attack
6,18738,14,10,1340,1626,Attack
6,45761,41,37,9213,6054,Attack
6,15812,11,32,8983,287,Attack
6,38888,17,0,6721,3795,Attack
6,68393,9,24,6508,6312,Attack
6,6249,48,45,6267,6603,Attack
6,56516,29,32,119,136,Benign
6,62267,10,20,1413,6829,Benign
6,68278,21,41,5520,7433,Benign
6,31500,10,13,7497,6718,Benign
6,29919,4,15,2073,7430,Attack
6,68819,34,44,8171,2835,Benign
6,13111,5,8,2306,90,Attack
6,39136,1,22,3264,8512,Attack
6,33579,13,7,9357,1355,Attack
6,72260,22,16,1539,2870,Benign
6,48297,32,50,621,2774,Benign
6,22750,6,49,3464,1222,Benign
6,7108,48,23,1068,391,Attack
6,62265,17,42,2406,9837,Attack
6,74642,15,44,70,2256,Attack
6,75228,12,35,3204,8633,Attack
6,5333,2,30,572,8820,Attack
6,80314,41,27,2626,3456,Benign
6,26308,26,46,3317,1674,Attack
6,90628,2,29,8760,9442,Attack
6,95176,41,0,4308,7309,Benign
6,35699,1,7,8979,1019,Benign
6,66246,2,47,1963,6681,Benign
6,68434,49,45,3671,4366,Benign
6,55606,32,22,158,9199,Benign
6,8722,19,34,1565,5298,Attack
6,86984,37,48,9191,7010,Attack
6,79496,3,47,1126,5776,Benign
6,71198,47,14,7226,3799,Attack
6,9815,19,30,1814,8499,Attack
6,54694,41,16,8331,9408,Benign
6,60834,16,22,512,7862,Attack
6,38849,26,18,2520,2021,Benign
6,21914,27,40,5739,6496,Attack
6,59111,18,47,4750,7827,Benign
6,38957,24,14,7652,2916,Benign
6,45017,23,30,2051,9214,Attack
6,60867,23,3,5838,6451,Benign
6,69771,19,15,41,5901,Attack
6,85746,3,45,1096,6599,Benign
6,89082,44,8,7438,5241,Benign
6,48084,29,39,8040,875,Attack
6,34035,14,35,2843,4880,Benign
6,85165,12,47,117,3591,Attack
6,55871,26,35,7409,4271,Attack
6,72102,10,4,5722,4060,Benign
6,4388,4,30,1638,3704,Attack
6,16177,4,5,7206,8121,Attack
6,74765,33,10,4214,1904,Attack
6,81374,48,19,7093,823,Attack
6,86569,29,6,3926,9817,Attack
6,5685,50,8,5699,5671,Attack
6,51355,28,26,9443,5413,Attack
6,70894,43,21,2496,1496,Attack
6,57036,26,40,4095,2436,Attack
6,62121,45,50,4567,1525,Attack
6,72285,36,43,8994,3512,Benign
6,56806,30,19,2605,8124,Attack
6,56968,5,47,7152,9417,Benign
6,23818,23,23,6552,7947,Attack
6,65111,2,1,8526,4752,Attack
6,24800,37,37,5782,1486,Benign
6,638,47,17,2060,5711,Benign
6,53050,28,41,6706,3659,Benign
6,77300,8,8,9348,3316,Attack
6,85344,16,9,7724,7087,Benign
6,72659,35,22,605,550,Attack
6,39447,4,41,6270,477,Attack
6,65068,48,15,8050,7686,Benign
6,47235,35,50,838,1324,Attack
6,47166,23,32,1015,7871,Attack
6,19639,39,31,9469,4760,Benign
6,29451,43,21,4408,4569,Benign
6,61712,49,32,7520,8129,Attack
6,72656,37,13,1712,7237,Attack
6,47389,35,41,9814,2666,Benign
6,35961,19,9,6154,4089,Attack
6,89921,25,23,5801,5365,Benign
6,58718,44,36,4601,2749,Benign
6,16158,4,8,8753,4611,Attack
6,46009,14,11,8348,3199,Attack
6,40425,25,50,2683,4691,Benign
6,74247,46,0,9884,3504,Attack
6,14862,27,23,5052,1379,Attack
6,865,45,4,7094,3148,Attack
6,17140,25,27,1654,6791,Benign
6,72335,27,24,5921,3789,Attack
6,96614,7,19,6458,1740,Benign
6,3389,12,28,2279,9866,Attack
6,10069,4,35,2116,2052,Attack
6,8552,21,10,8012,5874,Benign
6,50748,47,38,6104,6119,Benign
6,65983,19,38,9947,5434,Attack
6,13647,37,8,5841,5612,Attack
6,9245,17,2,3454,2419,Benign
6,68557,30,43,6216,3758,Attack
6,1173,29,46,4651,93,Attack
6,88554,17,47,33,2476,Benign
6,92395,21,46,4030,171,Benign
6,52702,38,16,19,6308,Attack
6,61901,32,46,2713,8972,Benign
6,6477,22,5,3190,8341,Benign
6,8069,45,11,1922,9540,Benign
6,58511,25,15,903,663,Attack
6,3035,38,15,2177,4144,Benign
6,38073,41,6,7204,890,Benign
6,41130,45,0,4097,1767,Attack
6,61145,25,6,9034,2578,Attack
6,33539,20,25,8992,5125,Benign
6,81111,47,41,6858,5491,Benign
6,23946,32,43,4962,3020,Attack
6,79374,30,48,2919,7883,Benign
6,95443,1,14,955,6843,Benign
6,18827,49,11,9604,4192,Benign
6,48986,34,37,8893,368,Attack
6,16664,10,31,2307,1289,Attack
6,25660,9,43,5934,4984,Benign
6,87794,1,39,5956,6795,Benign
6,37146,8,40,1475,557,Attack
6,12364,19,20,6564,2275,Benign
6,30843,9,45,7358,1085,Benign
6,7887,40,24,9691,3353,Attack
6,64137,45,12,1570,22,Attack
6,44359,29,40,897,8001,Attack
6,14773,41,46,9589,8482,Benign
6,12761,15,41,5313,31,Attack
6,93604,16,26,9779,4675,Attack
6,51212,32,38,3034,6341,Attack
6,35347,38,38,1322,9471,Benign
6,45906,26,40,2672,4688,Attack
6,14447,27,41,2369,4267,Benign
6,73294,15,25,2271,3705,Benign
6,2065,15,4,7149,2505,Benign
6,97975,41,2,4118,7096,Attack
6,65466,41,33,8675,1500,Benign
6,79790,46,48,4296,565,Benign
6,20563,14,6,2155,7715,Attack
6,2166,46,32,9793,2956,Benign
6,30175,5,7,3486,9816,Benign
6,82521,16,3,7799,5208,Benign
6,84823,20,23,8396,4978,Benign
6,41673,29,21,9965,4120,Attack
6,22864,40,42,8598,6236,Benign
6,26008,31,2,8272,230,Benign
6,1354,25,42,1260,5333,Attack
6,43581,30,0,9895,9144,Attack
6,4671,3,46,9137,5995,Attack
6,1689,10,7,9557,7404,Benign
6,16194,12,40,67,6005,Attack
6,6505,26,13,4711,8274,Benign
6,56868,11,7,8356,6410,Attack
6,66702,50,49,2779,7482,Benign
6,6233,5,26,9835,3528,Attack
6,64187,8,9,5753,4332,Benign
6,96119,30,33,113,129,Benign
6,8487,42,23,4257,1241,Benign
6,57563,23,16,8562,6317,Attack
6,19941,14,39,5545,3094,Benign
6,40534,48,42,7994,8947,Benign
6,25856,24,40,4863,5962,Attack
6,91727,34,43,4126,8016,Attack
6,9863,7,21,9246,6904,Attack
6,15170,18,44,9942,6314,Attack
6,10251,20,28,3780,5587,Attack
6,42596,4,26,8081,9633,Attack
6,39557,11,42,8512,5088,Benign
6,64134,10,40,9622,6697,Attack
6,43970,11,35,2145,6184,Benign
6,34642,48,16,5001,6570,Attack
6,84154,24,36,6411,7517,Attack
6,41833,19,19,6191,3905,Benign
6,57245,32,32,5983,7610,Benign
6,61200,24,47,8981,3377,Benign
6,10258,30,20,9929,8967,Benign
6,40580,10,24,8652,1002,Benign
6,32206,25,43,5016,5367,Benign
6,87168,36,0,1973,9695,Attack
6,46625,26,27,3164,3122,Attack
6,3791,37,14,1909,4911,Attack
6,15369,27,49,2942,4407,Attack
6,59882,24,44,4276,8518,Attack
6,37712,35,46,298,7757,Benign
6,16203,23,33,9489,9697,Attack
6,28069,9,25,2700,9293,Attack
6,9476,1,9,2109,8485,Benign
6,161,11,49,5594,9902,Attack
6,61624,26,17,113,8620,Attack
6,22697,25,43,9269,3689,Attack
6,87679,2,20,4665,7505,Benign
6,43100,8,39,6903,1821,Attack
6,86671,24,18,8424,7026,Benign
6,98890,24,36,3499,1554,Benign
6,57154,20,26,8762,9948,Attack
6,9832,34,31,9702,8122,Attack
6,49772,32,7,4458,2050,Attack
6,13984,30,9,6906,6443,Benign
6,87862,28,30,3598,1171,Benign
6,15320,45,1,2991,4580,Attack
6,48739,34,48,518,6683,Attack
6,88424,12,21,8692,880,Attack
6,98694,2,11,7388,9908,Benign
6,73943,34,32,814,9121,Benign
6,2284,1,27,246,4614,Benign
6,34520,19,47,6243,3573,Attack
6,25936,46,14,8422,5864,Benign
6,77130,14,19,6245,9530,Attack
6,84244,1,9,3333,507,Benign
6,50835,25,5,252,2216,Benign
6,85428,30,50,2616,6960,Benign
6,48406,37,21,591,2495,Attack
6,26315,34,31,352,5849,Benign
6,40274,29,10,1570,9494,Attack
6,70835,15,14,6598,1148,Attack
6,34115,38,28,7021,8424,Attack
6,17989,14,31,5485,70,Benign
6,54034,14,17,5607,7603,Benign
6,4293,24,49,7268,8029,Attack
6,15997,8,0,7796,1109,Benign
6,53536,4,47,6667,5951,Benign
6,68221,36,10,9835,1486,Benign
6,34261,17,42,1043,3173,Attack
6,49356,18,43,5813,6929,Benign
6,34683,37,21,5885,2836,Benign
6,6463,42,0,5700,5405,Attack
6,923,12,25,629,6565,Attack
6,63026,47,14,3826,5576,Benign
6,51867,4,45,5603,6475,Benign
6,91220,9,33,626,9411,Attack
6,68258,5,36,6597,4897,Benign
6,63744,36,41,7545,8966,Attack
6,83611,5,12,2317,3092,Benign
6,69455,6,40,8943,9831,Attack
6,11903,17,30,6863,5255,Attack
6,22013,46,39,4379,2603,Attack
6,37991,30,3,5028,1735,Benign
6,51126,12,25,309,288,Benign
6,47740,15,25,2671,1359,Attack
6,90095,35,1,8944,4479,Benign
6,48078,42,48,2920,1485,Benign
6,51409,2,37,9048,9318,Attack
6,23004,11,4,6359,5574,Benign
6,31466,31,16,7950,834,Attack
6,95812,17,8,1651,3814,Attack
6,71516,28,0,5111,1893,Benign
6,18242,11,0,1807,7280,Benign
6,55104,23,9,5768,9983,Attack
6,15081,27,50,2788,3480,Benign
6,3300,43,3,7778,6047,Attack
6,22975,45,16,5224,847,Benign
6,22322,40,14,2687,4291,Benign
6,1787,26,5,7089,9350,Attack
6,58159,39,40,2378,5879,Attack
6,65639,7,15,5080,3186,Attack
6,28780,28,35,993,7563,Benign
6,21009,35,9,8762,6814,Benign
6,92851,42,16,8147,6815,Benign
6,39522,1,42,4926,2712,Benign
6,77014,29,41,8012,8481,Attack
6,82744,48,2,155,7055,Benign
6,1022,37,8,1155,695,Benign
6,30248,34,45,7579,7532,Benign
6,44359,40,44,2720,3127,Benign
6,93031,1,44,190,8271,Benign
6,19931,8,23,7972,6944,Benign
6,89073,28,30,7174,8936,Benign
6,9974,43,33,4197,3083,Benign
6,77911,43,41,5884,885,Attack
6,81471,50,17,5300,8494,Benign
6,22579,40,21,7020,398,Benign
6,19234,4,38,8199,8310,Attack
6,32347,20,45,7276,7590,Attack
6,88370,37,0,7748,7941,Benign
6,28425,45,3,2574,8392,Benign
6,55653,41,11,5254,6991,Attack
6,44981,35,31,5596,4961,Attack
6,34414,5,8,406,1956,Benign
6,31027,8,24,7921,7651,Attack
6,9999,47,34,5214,6581,Benign
6,13499,29,22,437,5928,Benign
6,79392,49,44,6581,4244,Attack
6,95437,40,2,4662,3979,Attack
6,86765,25,5,2710,8620,Attack
6,76350,44,27,8410,8351,Attack
6,39631,39,49,3363,9186,Attack
6,71630,48,28,69,9415,Benign
6,66452,33,38,3029,9504,Attack
6,28425,50,17,4041,9116,Attack
6,31631,16,31,1843,4267,Benign
6,30814,16,45,6222,5499,Attack
6,74652,21,43,5094,9197,Benign
6,49508,10,27,5162,4304,Attack
6,94385,19,44,1863,1641,Attack
6,41603,12,2,1387,4103,Attack
6,14837,38,32,759,5095,Attack
6,5712,20,10,744,3553,Benign
6,51166,4,21,3508,418,Attack
6,43767,24,8,8863,2136,Attack
6,26248,18,48,7805,3991,Attack
6,88569,22,27,8286,160,Attack
6,66656,33,47,8623,7707,Attack
6,16982,24,8,8118,2357,Benign
6,74137,45,18,2946,2911,Benign
6,23728,46,21,8884,6452,Attack
6,6666,5,2,4676,5230,Benign
6,81744,33,16,7242,5767,Benign
6,70044,25,38,7813,9620,Attack
6,85327,18,38,1278,4177,Benign
6,39634,25,17,1719,7400,Attack
6,53511,29,22,8900,230,Attack
6,63576,23,39,3653,8752,Benign
6,60485,41,12,7136,1470,Benign
6,14301,44,27,824,3134,Benign
6,5266,41,41,852,592,Benign
6,40188,30,29,2587,3355,Attack
6,92565,47,10,20,2403,Benign
6,35296,8,49,3522,7253,Benign
6,82394,35,14,9073,5388,Benign
6,78732,15,16,8784,1401,Attack
6,22395,5,27,2438,2390,Benign
6,15411,32,35,2629,9309,Benign
6,33313,21,5,5150,1165,Attack
6,80889,11,47,5191,1908,Attack
6,94325,2,31,4439,3132,Benign
6,51636,4,26,3352,7279,Benign
6,29515,18,40,5555,40,Attack
6,11886,25,14,3777,3477,Benign
6,3007,1,39,2393,7534,Attack
6,60273,38,10,8650,7104,Attack
6,79187,22,11,9723,7083,Attack
6,47787,36,22,3772,9214,Benign
6,37773,7,43,6547,2299,Benign
6,86636,20,26,9371,746,Benign
6,64203,15,20,3291,1037,Attack
6,76626,35,37,4166,5432,Attack
6,6619,6,9,6192,5654,Attack
6,79957,6,47,8536,9271,Benign
6,71388,20,40,2862,1789,Benign
6,35557,17,35,5629,9707,Benign
6,83793,16,19,3003,1689,Attack
6,29325,40,44,887,8774,Attack
6,42926,26,19,8137,7017,Attack
6,93539,35,8,2150,7511,Attack
6,44775,31,17,7523,2634,Attack
6,55919,7,32,9448,6154,Attack
6,30549,39,20,5336,4674,Benign
6,42833,35,6,2019,8678,Benign
6,49817,40,14,5476,2444,Attack
6,69260,17,3,7680,2212,Attack
6,86237,44,20,99,6844,Attack
6,48364,28,45,4399,4870,Attack
6,81092,33,16,7525,5501,Attack
6,22883,12,42,9612,286,Attack
6,39729,46,9,2493,7599,Attack
6,69874,18,36,8328,1833,Attack
6,68146,47,30,8332,1132,Benign
6,92317,9,43,9639,3433,Benign
6,47278,3,13,2076,1049,Attack
6,93388,9,26,5557,2622,Attack
6,28017,15,14,2408,4891,Benign
6,37402,27,23,3045,454,Benign
6,13934,23,2,3733,4276,Attack
6,84303,39,39,5536,347,Benign
6,62656,11,12,8018,5007,Benign
6,42179,40,29,6995,5513,Attack
6,8185,48,3,4087,9338,Benign
6,86926,7,8,7810,5044,Benign
6,3760,43,45,3623,4739,Benign
6,41148,39,13,6316,3951,Benign
6,9842,3,30,428,9132,Benign
6,924,22,23,8779,1374,Attack
6,4958,12,25,5737,9323,Attack
6,5218,34,6,693,2419,Benign
6,95091,17,30,9247,3127,Benign
6,51551,39,34,2237,4769,Benign
6,42830,7,33,8657,6007,Attack
6,28220,1,19,3701,9762,Attack
6,28703,5,19,8293,623,Benign
6,43174,25,35,9529,7706,Attack
6,80087,26,45,1683,8322,Attack
6,73253,44,0,9015,4300,Attack
6,93164,45,36,4703,6887,Attack
6,19774,26,31,7377,5105,Benign
6,71383,2,23,7142,3016,Benign
6,46373,32,7,368,426,Benign
6,90982,20,12,2856,6954,Benign
6,66955,39,28,6764,7931,Benign
6,4342,44,23,173,2528,Benign
6,83270,24,44,9388,5223,Benign
6,53655,12,29,9855,1884,Benign
6,54116,26,26,8294,8900,Benign
6,31459,47,26,5750,2059,Attack
6,71028,41,19,2593,5812,Benign
6,53057,50,14,169,4463,Attack
6,31424,41,22,4915,2539,Benign
6,48511,13,43,5342,9778,Attack
6,69420,25,33,2673,5421,Benign
6,82058,40,31,4221,296,Benign
6,90244,48,47,2563,7862,Attack
6,78259,37,28,6669,4531,Attack
6,69560,45,25,2780,9446,Benign
6,37464,50,5,5335,5183,Benign
6,34545,23,34,6891,7651,Benign
6,54185,41,26,9194,3321,Attack
6,88730,20,23,6918,267,Benign
6,27390,34,4,5100,2590,Attack
6,26434,41,38,2217,7012,Attack
6,99558,47,14,1843,7340,Benign
6,14335,28,40,1496,5328,Attack
6,43058,28,12,8603,9185,Attack
6,77565,8,47,7119,4916,Benign
6,32632,20,34,9187,1882,Benign
6,59643,32,29,2180,3536,Attack
6,63501,7,28,9274,9525,Benign
6,75933,1,46,4536,5066,Benign
6,22018,25,32,9992,5454,Attack
6,99177,43,2,8372,1374,Benign
6,62657,15,39,2511,6402,Benign
6,97777,13,42,5934,2588,Benign
6,89358,33,36,1518,797,Benign
6,21330,12,41,7406,6121,Attack
6,28439,29,0,2664,6347,Benign
6,51524,20,35,6147,74,Benign
6,43426,4,21,2648,3031,Benign
6,61126,35,30,205,7625,Benign
6,44186,42,49,2764,415,Attack
6,44859,45,19,4572,6836,Benign
6,59859,22,47,1755,6459,Attack
6,95870,15,4,8294,7578,Benign
6,29167,15,40,6510,4379,Benign
6,89160,5,0,961,2508,Benign
6,28442,5,3,1617,2889,Benign
6,2140,4,49,1380,3078,Attack
6,41580,15,21,6278,6164,Attack
6,17062,2,33,804,4509,Benign
6,47102,46,14,5302,5350,Benign
6,7445,41,33,6514,2977,Attack
6,34698,9,0,231,7211,Benign
6,7253,32,35,607,8950,Attack
6,35491,9,32,1914,415,Attack
6,99324,24,13,9022,9895,Attack
6,48409,36,29,5405,7139,Attack
6,18700,45,35,299,7147,Benign
6,4088,19,6,9952,751,Benign
6,68242,30,13,2188,1279,Benign
6,44789,12,9,2077,8532,Benign
6,4772,4,39,3170,742,Attack
6,49221,24,44,7707,2638,Benign
6,53179,18,17,3902,1285,Attack
6,33672,23,8,4608,3811,Benign
6,17829,7,45,1332,611,Attack
6,14131,28,23,6747,9431,Attack
6,46910,48,18,5440,4680,Attack
6,42130,2,41,4455,4788,Benign
6,42565,45,43,3113,2440,Attack
6,23660,17,9,9375,2209,Benign
6,50510,1,14,9481,7705,Attack
6,17560,22,11,8556,790,Attack
6,1758,3,46,3350,4653,Benign
6,7689,47,46,6376,5902,Attack
6,64685,42,14,9973,4714,Benign
6,151,1,1,5977,2453,Benign
6,15489,34,28,5520,6396,Benign
6,66417,9,28,3909,8489,Attack
6,63314,2,37,5944,8437,Attack
6,19765,38,10,3047,3283,Attack
6,58567,32,23,8857,5377,Attack
6,64598,48,40,4600,8883,Attack
6,9485,39,40,7703,8800,Benign
6,89795,39,34,1654,2565,Benign
6,94262,2,15,5732,6182,Attack
6,70700,45,37,6652,4568,Attack
6,75212,45,32,6887,3383,Attack
6,66847,20,16,1694,7421,Benign
6,59187,6,40,5977,500,Benign
6,81405,16,24,1820,5435,Attack
6,20705,22,46,8180,8697,Benign
6,6407,22,11,3038,902,Benign
6,91851,34,35,2759,5665,Attack
6,16276,22,35,3398,5277,Benign
6,97870,40,27,5645,125,Attack
6,63528,41,18,680,9539,Attack
6,10624,32,1,6362,3745,Attack
6,45961,38,29,8545,6636,Attack
6,43716,24,44,8071,5978,Attack
6,56346,29,0,8539,3289,Attack
6,99296,5,3,9612,6540,Benign
6,14616,14,3,7220,1744,Benign
6,99723,48,13,9774,3907,Attack
6,13274,27,40,4068,7737,Attack
6,88333,7,40,7512,89,Attack
6,65699,6,42,5513,2309,Attack
6,86752,19,37,9172,5980,Attack
6,3539,6,38,1015,8499,Benign
6,89413,4,12,3512,1964,Benign
6,35033,3,7,1216,8783,Benign
6,73928,12,0,2306,4065,Benign
6,99688,19,21,8226,2868,Attack
6,86431,49,3,9613,704,Benign
6,99478,21,27,9947,1337,Attack
6,13166,32,8,332,4285,Attack
6,45456,49,0,9136,1199,Benign
6,4460,1,40,4596,7514,Benign
6,61602,21,37,9187,2703,Benign
6,81613,24,41,332,4775,Benign
6,16832,29,18,3980,606,Attack
6,85615,18,16,6904,9482,Benign
6,43639,43,17,4378,4805,Benign
6,40234,45,10,3971,381,Benign
6,82432,3,8,8661,8026,Benign
6,10164,8,13,8750,9610,Attack
6,8551,48,35,8102,8285,Attack
6,95951,28,29,9186,1955,Attack
6,69384,7,16,5870,3576,Attack
6,92508,12,12,2195,2878,Benign
6,3318,24,25,4344,2976,Benign
6,1155,4,42,9633,4408,Benign
6,36654,47,27,8088,5210,Attack
6,6510,48,32,1702,1683,Benign
6,76516,5,20,7758,6107,Benign
6,46016,41,45,9706,5276,Benign
6,33001,9,14,2932,8096,Benign
6,97551,2,1,5393,46,Attack
6,34271,30,10,7773,5989,Benign
6,66002,49,7,6930,8500,Benign
6,59938,44,44,9543,6545,Attack
6,99817,12,21,6831,8119,Attack
6,17469,9,31,924,7759,Attack
6,9856,35,9,7857,8758,Attack
6,3124,9,23,428,5959,Benign
6,3374,45,47,1568,2862,Benign
6,24214,20,30,5879,8864,Attack
6,89675,35,15,5955,1478,Benign
6,58419,6,40,8869,4864,Benign
6,41088,32,5,4270,886,Benign
6,44211,28,8,2912,5483,Benign
6,80140,10,2,7860,5208,Benign
6,68016,31,9,2751,1405,Attack
6,36237,36,15,4759,4690,Benign
6,90232,23,50,9441,6709,Benign
6,71923,44,39,3631,4046,Attack
6,40641,39,0,2874,6288,Benign
6,23880,8,32,5317,8495,Benign
6,59840,3,18,9631,2781,Attack
6,132,34,43,1337,7154,Benign
6,12356,15,31,6864,5961,Attack
6,84961,3,43,7512,4594,Benign
6,24420,34,21,2129,6845,Benign
6,46640,11,16,7709,4265,Benign
6,8088,29,21,3169,803,Benign
6,53120,26,29,3681,7941,Benign
6,19740,30,9,3723,5599,Benign
6,8497,35,22,2439,3294,Benign
6,361,4,49,6081,517,Benign
6,49616,35,24,500,5373,Benign
6,15421,45,38,4611,158,Benign
6,12888,2,9,360,1112,Attack
6,55147,5,3,9265,9419,Benign
6,14572,26,37,9711,1767,Benign
6,48967,1,10,9109,1492,Benign
6,64976,41,31,7404,623,Benign
6,73906,31,40,1983,1305,Benign
6,18157,9,26,3977,7782,Benign
6,14827,38,36,9426,8295,Benign
6,31738,2,11,9728,7842,Benign
6,27173,21,37,7226,5025,Benign
6,17972,13,35,3668,7932,Attack
6,9733,32,45,4178,2625,Attack
6,76628,8,11,9581,2987,Attack
6,54656,45,28,5489,2857,Attack
6,41399,1,5,4038,2104,Attack
6,33567,34,17,454,913,Attack
6,11534,40,32,1078,2823,Benign
6,61427,18,27,7843,5045,Attack
6,62638,37,31,2688,9017,Attack
6,71216,11,22,7171,9240,Attack
6,9008,29,16,4119,3196,Attack
6,93750,33,1,5795,4990,Benign
6,59719,35,44,9635,3265,Benign
6,48696,42,47,7600,3677,Attack
6,93590,23,30,2089,1829,Attack
6,11562,12,23,2653,8540,Benign
6,85139,23,42,7897,4883,Attack
6,61532,48,7,7626,7024,Attack
6,1120,12,32,6681,5887,Benign
6,60548,32,42,1868,5645,Benign
6,38573,11,1,160,349,Benign
6,61825,5,9,2323,6220,Benign
6,50684,40,34,3682,9257,Benign
6,17724,41,6,4591,506,Attack
6,50719,25,29,7621,5762,Benign
6,32434,25,17,4036,9164,Attack
6,72979,47,37,1181,5654,Attack
6,71828,16,10,1551,4951,Attack
6,20619,10,8,9350,6992,Attack
6,11782,26,1,5457,6844,Attack
6,33184,47,8,3456,2289,Benign
6,96367,33,36,6350,2503,Attack
6,45092,12,20,550,2616,Attack
6,80324,50,49,2062,5822,Benign
6,15581,18,15,5302,7596,Benign
6,36439,23,16,2433,3493,Benign
6,84404,34,22,2171,3366,Benign
6,33750,21,43,555,4127,Benign
6,20429,9,26,4436,5635,Benign
6,59921,41,23,3391,4400,Attack
6,86375,20,15,9355,4014,Benign
6,73129,21,39,8938,3449,Attack
6,61768,10,22,9122,6134,Benign
6,12900,18,48,6658,3072,Benign
6,60953,37,5,7167,2294,Benign
6,3961,14,36,651,3560,Attack
6,36730,29,31,4536,6387,Attack
6,98616,18,44,8646,5169,Attack
6,80296,3,43,7160,8431,Attack
6,63292,9,21,4456,4122,Attack
6,4491,22,13,33,1688,Attack
6,74057,33,29,6459,2732,Attack
6,76431,13,23,7020,2113,Attack
6,56055,28,19,2955,4998,Attack
6,85250,48,7,7326,4941,Benign
6,95891,16,26,257,7985,Attack
6,61481,40,24,338,8856,Benign
6,47244,5,30,9838,4094,Attack
6,70056,6,50,3629,5326,Attack
6,46806,17,6,7681,3953,Attack
6,54333,25,6,4017,4595,Benign
6,61787,12,35,9344,5554,Benign
6,41041,46,39,1376,7031,Benign
6,96456,46,32,5844,5459,Benign
6,16914,20,19,6149,4327,Benign
6,93426,36,13,5579,4330,Benign
6,18778,39,40,8131,9068,Attack
6,7969,43,40,8093,609,Benign
6,19776,3,42,1185,1800,Attack
6,66138,12,44,2545,6836,Benign
6,65671,25,43,9678,3041,Benign
6,81619,22,7,777,3133,Benign
6,99408,15,20,9990,644,Benign
6,86886,37,5,9738,8859,Attack
6,13997,6,22,7285,5899,Attack
6,58311,44,12,8839,9305,Benign
6,15372,21,32,6448,679,Attack
6,79502,37,6,6425,3801,Benign
6,36097,14,25,6095,4304,Benign
6,67293,48,9,1070,3068,Attack
6,64907,27,25,7076,5753,Attack
6,50493,37,18,3157,9440,Benign
6,82967,15,47,7224,3253,Benign
6,10974,19,4,2877,4517,Benign
6,50062,33,6,1035,3725,Attack
6,16866,6,9,3265,823,Attack
6,14799,12,4,2163,5366,Attack
6,33015,19,34,3607,2560,Benign
6,78825,8,11,5501,425,Attack
6,97003,8,47,2231,1159,Attack
6,65127,33,38,5991,8253,Benign
6,20957,19,29,7748,5412,Benign
6,89433,10,2,4952,3387,Benign
6,40326,15,29,7534,4927,Benign
6,47446,12,17,6739,7537,Benign
6,77004,47,11,4358,1518,Benign
6,19137,11,18,3534,3129,Attack
6,57285,27,2,6639,9427,Benign
6,31829,50,37,749,5453,Benign
6,35002,26,5,9767,2262,Benign
6,54387,15,10,8787,5921,Attack
6,28718,38,27,2762,8886,Attack
6,87125,19,7,8827,7601,Attack
6,5462,44,20,4819,3235,Benign
6,50300,1,45,6175,344,Attack
6,33468,32,25,6242,9015,Benign
6,73465,3,17,6021,1390,Benign
6,17190,9,48,5072,11,Benign
6,99507,11,1,7208,1604,Attack
6,57512,39,22,4376,9394,Attack
6,16812,22,48,3067,7112,Benign
6,23711,22,40,5809,7672,Attack
6,39514,37,45,8127,7702,Attack
6,65360,4,48,4912,3040,Benign
6,92805,7,4,4683,9006,Attack
6,51905,2,13,8673,9110,Benign
6,67307,11,36,4265,1527,Attack
6,40908,8,5,2219,9691,Benign
6,83552,33,1,3747,7897,Attack
6,8753,38,28,3006,6913,Benign
6,10853,9,45,517,3564,Attack
6,69039,12,28,5333,2339,Benign
6,19485,40,16,1656,3159,Attack
6,889,11,38,9674,6144,Benign
6,42744,47,30,421,7600,Attack
6,12178,35,44,1554,4063,Attack
6,6675,5,29,4696,7543,Attack
6,71564,1,5,8228,3258,Attack
6,9109,43,35,5466,438,Attack
6,22305,22,43,6851,6160,Benign
6,97983,46,15,8000,6312,Benign
6,9478,24,49,4155,2436,Attack
6,60131,26,18,4947,1411,Attack
6,74393,15,28,5519,2309,Benign
6,28811,1,36,293,1794,Attack
6,84982,23,43,9668,6809,Attack
6,78471,29,29,4588,220,Benign
6,31554,7,2,9672,1314,Attack
6,94996,11,12,8573,1581,Attack
6,75857,9,30,9136,9739,Attack
6,86342,26,10,3284,9247,Attack
6,874,24,17,4869,1272,Attack
6,89414,33,10,1948,1861,Attack
6,89339,29,20,1475,6176,Benign
6,17744,33,50,224,2519,Benign
6,16816,23,41,704,7369,Attack
6,8925,49,16,8675,1081,Benign
6,53579,40,47,1731,1580,Attack
6,95256,44,4,5547,2996,Attack
6,43242,50,32,4682,2651,Benign
6,24378,35,2,8693,1542,Benign
6,70425,25,14,2859,9903,Attack
6,80929,1,30,2712,9892,Attack
6,65834,8,22,9019,7386,Attack
6,94680,13,5,4323,8277,Benign
6,72385,13,35,1716,4094,Benign
6,85784,27,48,6373,7032,Attack
6,60340,36,38,1273,5348,Attack
6,48061,18,33,885,1812,Benign
6,6296,45,1,8282,2964,Attack
6,1611,12,12,3678,1228,Benign
6,23697,21,2,7359,5362,Attack
6,1186,31,47,9315,5634,Attack
6,35053,42,17,8508,7309,Attack
6,44231,4,37,4875,7715,Benign
6,79830,42,23,742,8466,Attack
6,57942,33,32,7189,6368,Attack
6,1960,13,49,8373,1825,Benign
6,28462,17,2,6701,9368,Benign
6,20589,30,22,1685,2838,Attack
6,36695,2,22,9820,2924,Benign
6,67110,46,6,923,2049,Attack
6,9969,34,31,1559,1283,Benign
6,78477,15,8,7476,4550,Attack
6,33633,46,18,1920,7106,Benign
6,50079,29,32,6412,8056,Benign
6,33284,47,11,3448,2666,Attack
6,15243,19,0,9181,7497,Attack
6,48903,38,23,1127,3258,Attack
6,43361,9,48,8398,4430,Benign
6,92169,38,17,1634,4676,Benign
6,47037,9,4,9868,5669,Benign
6,99469,39,12,9421,3525,Benign
6,13285,43,21,2786,2364,Benign
6,74294,4,40,1493,3003,Attack
6,50194,50,40,1763,1404,Benign
6,21254,41,43,5746,767,Attack
6,108,1,40,8613,5863,Benign
6,88095,11,45,1336,2379,Attack
6,46796,6,10,7298,4457,Benign
6,64472,13,33,9546,9190,Benign
6,50713,33,15,1083,3487,Benign
6,51426,31,44,3191,1255,Benign
6,13732,28,2,5404,3611,Benign
6,52325,21,11,832,1524,Attack
6,76208,32,2,5582,5194,Attack
6,83134,39,42,9565,4522,Attack
6,13311,50,45,2202,5381,Attack
6,65035,18,49,8339,6533,Attack
6,68067,5,7,6435,4541,Benign
6,89552,8,26,7384,3908,Attack
6,6326,24,15,6809,8229,Benign
6,46749,49,30,719,9371,Attack
6,31813,4,39,6820,7776,Attack
6,35401,44,29,4664,9364,Benign
6,59207,34,24,2071,7804,Attack
6,83894,46,4,4020,4742,Benign
6,85334,7,17,1465,6250,Benign
6,92068,44,38,7782,298,Attack
6,38595,44,41,9633,3306,Attack
6,67342,24,11,8385,836,Attack
6,52855,34,44,5411,8145,Benign
6,69946,22,26,2837,4533,Benign
6,81552,45,19,4451,8113,Attack
6,26683,8,35,8201,9142,Benign
6,25697,48,30,141,7445,Benign
6,78405,14,49,1576,4975,Attack
6,51696,47,19,1453,5163,Attack
6,14621,34,19,7183,4578,Benign
6,65180,17,8,2013,9924,Attack
6,32502,31,2,4215,6543,Attack
6,51790,20,1,9923,7665,Benign
6,98179,43,41,6594,6652,Attack
6,30056,49,36,3265,4422,Attack
6,17545,13,13,5574,8786,Attack
6,89149,48,24,2942,5628,Attack
6,8388,36,9,3468,2707,Attack
6,53723,20,39,715,9108,Benign
6,23778,9,2,6513,3991,Benign
6,30971,46,22,1103,6865,Benign
6,29605,6,45,9679,5982,Benign
6,92331,17,1,3455,6408,Benign
6,35169,45,34,9727,157,Benign
6,87087,10,30,401,3065,Attack
6,65785,43,0,6928,5620,Benign
6,76082,27,23,9724,522,Benign
6,78841,39,36,7463,7257,Attack
6,98003,22,41,2654,7921,Benign
6,86715,21,0,7955,2161,Attack
6,56561,13,48,4471,6501,Benign
6,43775,3,3,339,2432,Attack
6,11292,49,46,2769,5623,Attack
6,56478,29,13,610,5094,Benign
6,97473,36,36,6449,8475,Attack
6,46482,8,17,3677,4151,Benign
6,27480,17,35,5750,6202,Benign
6,55670,45,47,9347,5474,Attack
6,31990,39,5,1897,9145,Attack
6,17246,13,43,3302,9550,Benign
